2026.04.23 20:34:31 INFO  Started: Metals version 1.6.7 in folders '/home/khubayeeb_k/dev/repos/incubator/ds2-projects' for client Visual Studio Code 1.111.0.[0m
2026.04.23 20:34:31 INFO  Memory monitor started[0m
2026.04.23 20:34:31 WARN  Using H2 2.4.240 which is newer than the version Flyway has been verified with. The latest verified version of H2 is 2.3.232.[0m
2026.04.23 20:34:31 INFO  no build target found for /home/khubayeeb_k/dev/repos/incubator/ds2-projects/src/main/scala/project3/TestRunner.scala. Using presentation compiler with project's scala-library version: 3.3.7[0m
2026.04.23 20:34:37 INFO  no build target found for /home/khubayeeb_k/dev/repos/incubator/ds2-projects/src/main/scala/project3/TestRunner.scala. Using presentation compiler with project's scala-library version: 3.3.7[0m
Apr 23, 2026 8:34:37 PM org.eclipse.lsp4j.jsonrpc.RemoteEndpoint handleCancellation
WARNING: Unmatched cancel notification for request id 2
Apr 23, 2026 8:34:37 PM org.eclipse.lsp4j.jsonrpc.RemoteEndpoint handleCancellation
WARNING: Unmatched cancel notification for request id 3
2026.04.23 20:34:37 INFO  no build target found for /home/khubayeeb_k/dev/repos/incubator/ds2-projects/src/main/scala/project3/TestRunner.scala. Using presentation compiler with project's scala-library version: 3.3.7[0m
2026.04.23 20:34:37 WARN  no build target for: /home/khubayeeb_k/dev/repos/incubator/ds2-projects/src/main/scala/project3/TestRunner.scala[0m
2026.04.23 20:34:37 INFO  no build target found for /home/khubayeeb_k/dev/repos/incubator/ds2-projects/src/main/scala/project3/TestRunner.scala. Using presentation compiler with project's scala-library version: 3.3.7[0m
2026.04.23 20:34:37 INFO  no build target found for /home/khubayeeb_k/dev/repos/incubator/ds2-projects/src/main/scala/project3/TestRunner.scala. Using presentation compiler with project's scala-library version: 3.3.7[0m
Apr 23, 2026 8:34:38 PM org.eclipse.lsp4j.jsonrpc.RemoteEndpoint handleCancellation
WARNING: Unmatched cancel notification for request id 8
2026.04.23 20:34:37 INFO  no build target found for /home/khubayeeb_k/dev/repos/incubator/ds2-projects/src/main/scala/project3/TestRunner.scala. Using presentation compiler with project's scala-library version: 3.3.7[0m
Apr 23, 2026 8:34:40 PM org.eclipse.lsp4j.jsonrpc.services.GenericEndpoint notify
INFO: Unsupported notification method: $/setTrace
2026.04.23 20:34:41 INFO  no build target found for /home/khubayeeb_k/dev/repos/incubator/ds2-projects/src/main/scala/project3/TestRunner.scala. Using presentation compiler with project's scala-library version: 3.3.7[0m
2026.04.23 20:34:52 INFO  no build target found for /home/khubayeeb_k/dev/repos/incubator/ds2-projects/src/main/scala/scalation/mathstat/MatrixD.scala. Using presentation compiler with project's scala-library version: 3.3.7[0m
2026.04.23 20:34:54 INFO  no build target found for /home/khubayeeb_k/dev/repos/incubator/ds2-projects/src/main/scala/scalation/mathstat/MatrixD.scala. Using presentation compiler with project's scala-library version: 3.3.7[0m
2026.04.23 20:34:54 INFO  no build target found for /home/khubayeeb_k/dev/repos/incubator/ds2-projects/src/main/scala/scalation/mathstat/MatrixD.scala. Using presentation compiler with project's scala-library version: 3.3.7[0m
Apr 23, 2026 8:34:55 PM org.eclipse.lsp4j.jsonrpc.RemoteEndpoint handleCancellation
WARNING: Unmatched cancel notification for request id 23
Apr 23, 2026 8:34:55 PM org.eclipse.lsp4j.jsonrpc.RemoteEndpoint handleCancellation
WARNING: Unmatched cancel notification for request id 24
2026.04.23 20:34:55 INFO  no build target found for /home/khubayeeb_k/dev/repos/incubator/ds2-projects/src/main/scala/scalation/mathstat/MatrixD.scala. Using presentation compiler with project's scala-library version: 3.3.7[0m
2026.04.23 20:34:55 INFO  no build target found for /home/khubayeeb_k/dev/repos/incubator/ds2-projects/src/main/scala/scalation/mathstat/CudaMatrixOps.scala. Using presentation compiler with project's scala-library version: 3.3.7[0m
2026.04.23 20:34:55Apr 23, 2026 8:34:55 PM org.eclipse.lsp4j.jsonrpc.RemoteEndpoint handleCancellation
WARNING: Unmatched cancel notification for request id 26
 INFO  no build target found for /home/khubayeeb_k/dev/repos/incubator/ds2-projects/src/main/scala/scalation/mathstat/CudaMatrixOps.scala. Using presentation compiler with project's scala-library version: 3.3.7[0m
2026.04.23 20:34:55 INFO  no build target found for /home/khubayeeb_k/dev/repos/incubator/ds2-projects/src/main/scala/scalation/mathstat/CudaMatrixOps.scala. Using presentation compiler with project's scala-library version: 3.3.7[0m
2026.04.23 20:34:55 INFO  no build target found for /home/khubayeeb_k/dev/repos/incubator/ds2-projects/src/main/scala/scalation/mathstat/CudaMatrixOps.scala. Using presentation compiler with project's scala-library version: 3.3.7[0m
Apr 23, 2026 8:34:55 PM org.eclipse.lsp4j.jsonrpc.RemoteEndpoint handleCancellation
WARNING: Unmatched cancel notification for request id 33
Apr 23, 2026 8:34:55 PM org.eclipse.lsp4j.jsonrpc.RemoteEndpoint handleCancellation
WARNING: Unmatched cancel notification for request id 29
Apr 23, 2026 8:34:55 PM org.eclipse.lsp4j.jsonrpc.RemoteEndpoint handleCancellation
WARNING: Unmatched cancel notification for request id 27
2026.04.23 20:34:55 INFO  no build target found for /home/khubayeeb_k/dev/repos/incubator/ds2-projects/src/main/scala/scalation/mathstat/CudaMatrixOps.scala. Using presentation compiler with project's scala-library version: 3.3.7[0m
2026.04.23 20:34:55 INFO  no build target found for /home/khubayeeb_k/dev/repos/incubator/ds2-projects/src/main/scala/project3/TestRunner.scala. Using presentation compiler with project's scala-library version: 3.3.7[0m
2026.04.23 20:34:55 INFO  no build target found for /home/khubayeeb_k/dev/repos/incubator/ds2-projects/src/main/scala/project3/TestRunner.scala. Using presentation compiler with project's scala-library version: 3.3.7[0m
2026.04.23 20:34:55 WARN  no build target for: /home/khubayeeb_k/dev/repos/incubator/ds2-projects/src/main/scala/project3/TestRunner.scala[0m
Apr 23, 2026 8:34:55 PM org.eclipse.lsp4j.jsonrpc.RemoteEndpoint handleCancellation
WARNING: Unmatched cancel notification for request id 35
2026.04.23 20:34:55 INFO  no build target found for /home/khubayeeb_k/dev/repos/incubator/ds2-projects/src/main/scala/project3/TestRunner.scala. Using presentation compiler with project's scala-library version: 3.3.7[0m
2026.04.23 20:34:55 INFO  no build target found for /home/khubayeeb_k/dev/repos/incubator/ds2-projects/src/main/scala/project3/TestRunner.scala. Using presentation compiler with project's scala-library version: 3.3.7[0m
2026.04.23 20:34:55 INFO  no build target found for /home/khubayeeb_k/dev/repos/incubator/ds2-projects/src/main/scala/project3/TestRunner.scala. Using presentation compiler with project's scala-library version: 3.3.7[0m
2026.04.23 20:34:56 INFO  no build target found for /home/khubayeeb_k/dev/repos/incubator/ds2-projects/src/main/scala/project3/TestRunner.scala. Using presentation compiler with project's scala-library version: 3.3.7[0m
2026.04.23 20:35:16 INFO  no build target found for /home/khubayeeb_k/dev/repos/incubator/ds2-projects/src/main/scala/project3/TestRunner.scala. Using presentation compiler with project's scala-library version: 3.3.7[0m
2026.04.23 20:35:16 WARN  no build target for: /home/khubayeeb_k/dev/repos/incubator/ds2-projects/src/main/scala/project3/TestRunner.scala[0m
2026.04.23 20:35:16 INFO  no build target found for /home/khubayeeb_k/dev/repos/incubator/ds2-projects/src/main/scala/project3/TestRunner.scala. Using presentation compiler with project's scala-library version: 3.3.7[0m
2026.04.23 20:35:16 INFO  no build target found for /home/khubayeeb_k/dev/repos/incubator/ds2-projects/src/main/scala/project3/TestRunner.scala. Using presentation compiler with project's scala-library version: 3.3.7[0m
2026.04.23 20:35:16 INFO  no build target found for /home/khubayeeb_k/dev/repos/incubator/ds2-projects/src/main/scala/project3/TestRunner.scala. Using presentation compiler with project's scala-library version: 3.3.7[0m
2026.04.23 20:35:16 INFO  no build target found for /home/khubayeeb_k/dev/repos/incubator/ds2-projects/src/main/scala/project3/TestRunner.scala. Using presentation compiler with project's scala-library version: 3.3.7[0m
2026.04.23 20:37:04 INFO  no build target found for /home/khubayeeb_k/dev/repos/incubator/ds2-projects/src/main/scala/scalation/mathstat/MatrixD.scala. Using presentation compiler with project's scala-library version: 3.3.7[0m
2026.04.23 20:37:04 INFO  no build target found for /home/khubayeeb_k/dev/repos/incubator/ds2-projects/src/main/scala/scalation/mathstat/MatrixD.scala. Using presentation compiler with project's scala-library version: 3.3.7[0m
2026.04.23 20:37:05 INFO  no build target found for /home/khubayeeb_k/dev/repos/incubator/ds2-projects/src/main/scala/scalation/mathstat/MatrixD.scala. Using presentation compiler with project's scala-library version: 3.3.7[0m
2026.04.23 20:37:06 INFO  no build target found for /home/khubayeeb_k/dev/repos/incubator/ds2-projects/src/main/scala/scalation/mathstat/MatrixD.scala. Using presentation compiler with project's scala-library version: 3.3.7[0m
2026.04.23 20:37:07 INFO  no build target found for /home/khubayeeb_k/dev/repos/incubator/ds2-projects/src/main/scala/scalation/mathstat/MatrixD.scala. Using presentation compiler with project's scala-library version: 3.3.7[0m
2026.04.23 20:37:07 INFO  no build target found for /home/khubayeeb_k/dev/repos/incubator/ds2-projects/src/main/scala/scalation/mathstat/MatrixD.scala. Using presentation compiler with project's scala-library version: 3.3.7[0m
2026.04.23 20:37:09 INFO  no build target found for /home/khubayeeb_k/dev/repos/incubator/ds2-projects/src/main/scala/scalation/mathstat/MatrixD.scala. Using presentation compiler with project's scala-library version: 3.3.7[0m
2026.04.23 20:37:09 INFO  no build target found for /home/khubayeeb_k/dev/repos/incubator/ds2-projects/src/main/scala/scalation/mathstat/MatrixD.scala. Using presentation compiler with project's scala-library version: 3.3.7[0m
2026.04.23 20:37:10 INFO  no build target found for /home/khubayeeb_k/dev/repos/incubator/ds2-projects/src/main/scala/scalation/mathstat/MatrixD.scala. Using presentation compiler with project's scala-library version: 3.3.7[0m
2026.04.23 20:37:11 INFO  no build target found for /home/khubayeeb_k/dev/repos/incubator/ds2-projects/src/main/scala/scalation/mathstat/MatrixD.scala. Using presentation compiler with project's scala-library version: 3.3.7[0m
2026.04.23 20:37:13 INFO  no build target found for /home/khubayeeb_k/dev/repos/incubator/ds2-projects/src/main/scala/scalation/mathstat/MatrixD.scala. Using presentation compiler with project's scala-library version: 3.3.7[0m
2026.04.23 20:37:13 INFO  no build target found for /home/khubayeeb_k/dev/repos/incubator/ds2-projects/src/main/scala/scalation/mathstat/MatrixD.scala. Using presentation compiler with project's scala-library version: 3.3.7[0m
2026.04.23 20:37:15 INFO  no build target found for /home/khubayeeb_k/dev/repos/incubator/ds2-projects/src/main/scala/scalation/mathstat/MatrixD.scala. Using presentation compiler with project's scala-library version: 3.3.7[0m
2026.04.23 20:37:15 INFO  no build target found for /home/khubayeeb_k/dev/repos/incubator/ds2-projects/src/main/scala/scalation/mathstat/MatrixD.scala. Using presentation compiler with project's scala-library version: 3.3.7[0m
2026.04.23 20:37:15 INFO  no build target found for /home/khubayeeb_k/dev/repos/incubator/ds2-projects/src/main/scala/scalation/mathstat/MatrixD.scala. Using presentation compiler with project's scala-library version: 3.3.7[0m
2026.04.23 20:37:16 INFO  no build target found for /home/khubayeeb_k/dev/repos/incubator/ds2-projects/src/main/scala/scalation/mathstat/MatrixD.scala. Using presentation compiler with project's scala-library version: 3.3.7[0m
2026.04.23 20:37:17 INFO  no build target found for /home/khubayeeb_k/dev/repos/incubator/ds2-projects/src/main/scala/scalation/mathstat/MatrixD.scala. Using presentation compiler with project's scala-library version: 3.3.7[0m
2026.04.23 20:37:18 INFO  no build target found for /home/khubayeeb_k/dev/repos/incubator/ds2-projects/src/main/scala/scalation/mathstat/MatrixD.scala. Using presentation compiler with project's scala-library version: 3.3.7[0m
2026.04.23 20:37:18 INFO  no build target found for /home/khubayeeb_k/dev/repos/incubator/ds2-projects/src/main/scala/scalation/mathstat/MatrixD.scala. Using presentation compiler with project's scala-library version: 3.3.7[0m
2026.04.23 20:37:18 INFO  no build target found for /home/khubayeeb_k/dev/repos/incubator/ds2-projects/src/main/scala/scalation/mathstat/MatrixD.scala. Using presentation compiler with project's scala-library version: 3.3.7[0m
2026.04.23 20:37:19 INFO  no build target found for /home/khubayeeb_k/dev/repos/incubator/ds2-projects/src/main/scala/scalation/mathstat/MatrixD.scala. Using presentation compiler with project's scala-library version: 3.3.7[0m
2026.04.23 20:37:19 INFO  no build target found for /home/khubayeeb_k/dev/repos/incubator/ds2-projects/src/main/scala/scalation/mathstat/MatrixD.scala. Using presentation compiler with project's scala-library version: 3.3.7[0m
2026.04.23 20:37:19 INFO  no build target found for /home/khubayeeb_k/dev/repos/incubator/ds2-projects/src/main/scala/scalation/mathstat/MatrixD.scala. Using presentation compiler with project's scala-library version: 3.3.7[0m
Apr 23, 2026 8:37:20 PM org.eclipse.lsp4j.jsonrpc.RemoteEndpoint handleCancellation
WARNING: Unmatched cancel notification for request id 101
2026.04.23 20:37:20 INFO  no build target found for /home/khubayeeb_k/dev/repos/incubator/ds2-projects/src/main/scala/scalation/mathstat/MatrixD.scala. Using presentation compiler with project's scala-library version: 3.3.7[0m
Apr 23, 2026 8:37:21 PM org.eclipse.lsp4j.jsonrpc.RemoteEndpoint handleCancellation
WARNING: Unmatched cancel notification for request id 103
2026.04.23 20:37:21 INFO  no build target found for /home/khubayeeb_k/dev/repos/incubator/ds2-projects/src/main/scala/scalation/mathstat/MatrixD.scala. Using presentation compiler with project's scala-library version: 3.3.7[0m
2026.04.23 20:37:22 INFO  no build target found for /home/khubayeeb_k/dev/repos/incubator/ds2-projects/src/main/scala/scalation/mathstat/MatrixD.scala. Using presentation compiler with project's scala-library version: 3.3.7[0m
2026.04.23 20:37:27 INFO  no build target found for /home/khubayeeb_k/dev/repos/incubator/ds2-projects/src/main/scala/scalation/mathstat/MatrixD.scala. Using presentation compiler with project's scala-library version: 3.3.7[0m
2026.04.23 20:37:27 INFO  no build target found for /home/khubayeeb_k/dev/repos/incubator/ds2-projects/src/main/scala/scalation/mathstat/MatrixD.scala. Using presentation compiler with project's scala-library version: 3.3.7[0m
2026.04.23 20:37:28 INFO  no build target found for /home/khubayeeb_k/dev/repos/incubator/ds2-projects/src/main/scala/scalation/mathstat/MatrixD.scala. Using presentation compiler with project's scala-library version: 3.3.7[0m
2026.04.23 20:37:30 INFO  no build target found for /home/khubayeeb_k/dev/repos/incubator/ds2-projects/src/main/scala/scalation/mathstat/MatrixD.scala. Using presentation compiler with project's scala-library version: 3.3.7[0m
2026.04.23 20:37:31 INFO  no build target found for /home/khubayeeb_k/dev/repos/incubator/ds2-projects/src/main/scala/scalation/mathstat/MatrixD.scala. Using presentation compiler with project's scala-library version: 3.3.7[0m
2026.04.23 20:37:31 INFO  no build target found for /home/khubayeeb_k/dev/repos/incubator/ds2-projects/src/main/scala/scalation/mathstat/MatrixD.scala. Using presentation compiler with project's scala-library version: 3.3.7[0m
2026.04.23 20:37:31 INFO  no build target found for /home/khubayeeb_k/dev/repos/incubator/ds2-projects/src/main/scala/scalation/mathstat/MatrixD.scala. Using presentation compiler with project's scala-library version: 3.3.7[0m
2026.04.23 20:37:32 INFO  no build target found for /home/khubayeeb_k/dev/repos/incubator/ds2-projects/src/main/scala/scalation/mathstat/MatrixD.scala. Using presentation compiler with project's scala-library version: 3.3.7[0m
2026.04.23 20:37:33 INFO  no build target found for /home/khubayeeb_k/dev/repos/incubator/ds2-projects/src/main/scala/scalation/mathstat/MatrixD.scala. Using presentation compiler with project's scala-library version: 3.3.7[0m
2026.04.23 20:37:39 INFO  no build target found for /home/khubayeeb_k/dev/repos/incubator/ds2-projects/src/main/scala/scalation/mathstat/MatrixD.scala. Using presentation compiler with project's scala-library version: 3.3.7[0m
2026.04.23 20:37:39 INFO  no build target found for /home/khubayeeb_k/dev/repos/incubator/ds2-projects/src/main/scala/scalation/mathstat/MatrixD.scala. Using presentation compiler with project's scala-library version: 3.3.7[0m
2026.04.23 20:37:40 INFO  no build target found for /home/khubayeeb_k/dev/repos/incubator/ds2-projects/src/main/scala/scalation/mathstat/MatrixD.scala. Using presentation compiler with project's scala-library version: 3.3.7[0m
2026.04.23 20:37:40 INFO  no build target found for /home/khubayeeb_k/dev/repos/incubator/ds2-projects/src/main/scala/scalation/mathstat/MatrixD.scala. Using presentation compiler with project's scala-library version: 3.3.7[0m
2026.04.23 20:37:40 INFO  no build target found for /home/khubayeeb_k/dev/repos/incubator/ds2-projects/src/main/scala/scalation/mathstat/MatrixD.scala. Using presentation compiler with project's scala-library version: 3.3.7[0m
2026.04.23 20:37:42 INFO  no build target found for /home/khubayeeb_k/dev/repos/incubator/ds2-projects/src/main/scala/scalation/mathstat/MatrixD.scala. Using presentation compiler with project's scala-library version: 3.3.7[0m
2026.04.23 20:37:44 INFO  no build target found for /home/khubayeeb_k/dev/repos/incubator/ds2-projects/src/main/scala/scalation/mathstat/MatrixD.scala. Using presentation compiler with project's scala-library version: 3.3.7[0m
2026.04.23 20:37:48 INFO  no build target found for /home/khubayeeb_k/dev/repos/incubator/ds2-projects/src/main/scala/scalation/mathstat/MatrixD.scala. Using presentation compiler with project's scala-library version: 3.3.7[0m
2026.04.23 20:37:48 INFO  no build target found for /home/khubayeeb_k/dev/repos/incubator/ds2-projects/src/main/scala/scalation/mathstat/MatrixD.scala. Using presentation compiler with project's scala-library version: 3.3.7[0m
2026.04.23 20:37:48 INFO  no build target found for /home/khubayeeb_k/dev/repos/incubator/ds2-projects/src/main/scala/scalation/mathstat/MatrixD.scala. Using presentation compiler with project's scala-library version: 3.3.7[0m
2026.04.23 20:37:48 INFO  no build target found for /home/khubayeeb_k/dev/repos/incubator/ds2-projects/src/main/scala/scalation/mathstat/MatrixD.scala. Using presentation compiler with project's scala-library version: 3.3.7[0m
2026.04.23 20:37:50 INFO  no build target found for /home/khubayeeb_k/dev/repos/incubator/ds2-projects/src/main/scala/scalation/mathstat/MatrixD.scala. Using presentation compiler with project's scala-library version: 3.3.7[0m
2026.04.23 20:37:51 INFO  no build target found for /home/khubayeeb_k/dev/repos/incubator/ds2-projects/src/main/scala/scalation/mathstat/MatrixD.scala. Using presentation compiler with project's scala-library version: 3.3.7[0m
2026.04.23 20:37:51 INFO  no build target found for /home/khubayeeb_k/dev/repos/incubator/ds2-projects/src/main/scala/scalation/mathstat/MatrixD.scala. Using presentation compiler with project's scala-library version: 3.3.7[0m
2026.04.23 20:37:52 INFO  no build target found for /home/khubayeeb_k/dev/repos/incubator/ds2-projects/src/main/scala/scalation/mathstat/MatrixD.scala. Using presentation compiler with project's scala-library version: 3.3.7[0m
2026.04.23 20:37:52 INFO  no build target found for /home/khubayeeb_k/dev/repos/incubator/ds2-projects/src/main/scala/scalation/mathstat/MatrixD.scala. Using presentation compiler with project's scala-library version: 3.3.7[0m
2026.04.23 20:37:53 INFO  no build target found for /home/khubayeeb_k/dev/repos/incubator/ds2-projects/src/main/scala/scalation/mathstat/MatrixD.scala. Using presentation compiler with project's scala-library version: 3.3.7[0m
2026.04.23 20:37:54 WARN  no build target for: /home/khubayeeb_k/dev/repos/incubator/ds2-projects/src/main/scala/scalation/mathstat/MatrixD.scala[0m
2026.04.23 20:37:54 INFO  no build target found for /home/khubayeeb_k/dev/repos/incubator/ds2-projects/src/main/scala/scalation/mathstat/MatrixD.scala. Using presentation compiler with project's scala-library version: 3.3.7[0m
2026.04.23 20:37:54 INFO  no build target found for /home/khubayeeb_k/dev/repos/incubator/ds2-projects/src/main/scala/scalation/mathstat/MatrixD.scala. Using presentation compiler with project's scala-library version: 3.3.7[0m
2026.04.23 20:37:55 INFO  no build target found for /home/khubayeeb_k/dev/repos/incubator/ds2-projects/src/main/scala/scalation/mathstat/MatrixD.scala. Using presentation compiler with project's scala-library version: 3.3.7[0m
2026.04.23 20:37:56 INFO  no build target found for /home/khubayeeb_k/dev/repos/incubator/ds2-projects/src/main/scala/scalation/mathstat/MatrixD.scala. Using presentation compiler with project's scala-library version: 3.3.7[0m
2026.04.23 20:37:56 INFO  no build target found for /home/khubayeeb_k/dev/repos/incubator/ds2-projects/src/main/scala/project3/TestRunner.scala. Using presentation compiler with project's scala-library version: 3.3.7[0m
2026.04.23 20:37:55 WARN  no build target for: /home/khubayeeb_k/dev/repos/incubator/ds2-projects/src/main/scala/project3/TestRunner.scala[0m
2026.04.23 20:37:56 INFO  no build target found for /home/khubayeeb_k/dev/repos/incubator/ds2-projects/src/main/scala/project3/TestRunner.scala. Using presentation compiler with project's scala-library version: 3.3.7[0m
2026.04.23 20:37:56 INFO  no build target found for /home/khubayeeb_k/dev/repos/incubator/ds2-projects/src/main/scala/project3/TestRunner.scala. Using presentation compiler with project's scala-library version: 3.3.7[0m
2026.04.23 20:37:56 INFO  no build target found for /home/khubayeeb_k/dev/repos/incubator/ds2-projects/src/main/scala/project3/TestRunner.scala. Using presentation compiler with project's scala-library version: 3.3.7[0m
2026.04.23 21:41:30 INFO  no build target found for /home/khubayeeb_k/dev/repos/incubator/ds2-projects/src/main/scala/project3/TestRunner.scala. Using presentation compiler with project's scala-library version: 3.3.7[0m
2026.04.23 21:43:30 INFO  no build target found for /home/khubayeeb_k/dev/repos/incubator/ds2-projects/src/main/scala/project3/TestRunner.scala. Using presentation compiler with project's scala-library version: 3.3.7[0m
2026.04.23 22:45:09 INFO  Shutting down server[0m
2026.04.23 22:45:09 INFO  Memory monitor stopped[0m
2026.04.23 22:45:09 INFO  shutting down Metals[0m
2026.04.23 22:45:09 INFO  Exiting server[0m
2026.04.24 20:35:21 INFO  Started: Metals version 1.6.7 in folders '/home/khubayeeb_k/dev/repos/incubator/ds2-projects' for client Visual Studio Code 1.111.0.[0m
2026.04.24 20:35:21 INFO  Memory monitor started[0m
2026.04.24 20:35:23 WARN  Using H2 2.4.240 which is newer than the version Flyway has been verified with. The latest verified version of H2 is 2.3.232.[0m
Apr 24, 2026 8:35:34 PM org.eclipse.lsp4j.jsonrpc.services.GenericEndpoint notify
INFO: Unsupported notification method: $/setTrace
2026.04.24 20:42:18 INFO  no build target found for /home/khubayeeb_k/dev/repos/incubator/ds2-projects/src/main/scala/project3/TestRunner.scala. Using presentation compiler with project's scala-library version: 3.3.7[0m
Apr 24, 2026 8:42:20 PM org.eclipse.lsp4j.jsonrpc.RemoteEndpoint handleCancellation
WARNING: Unmatched cancel notification for request id 2
2026.04.24 20:42:20 INFO  no build target found for /home/khubayeeb_k/dev/repos/incubator/ds2-projects/src/main/scala/project3/TestRunner.scala. Using presentation compiler with project's scala-library version: 3.3.7[0m
2026.04.24 20:42:20 INFO  no build target found for /home/khubayeeb_k/dev/repos/incubator/ds2-projects/src/main/scala/project3/TestRunner.scala. Using presentation compiler with project's scala-library version: 3.3.7[0m
2026.04.24 20:42:20 INFO  no build target found for /home/khubayeeb_k/dev/repos/incubator/ds2-projects/src/main/scala/project3/TestRunner.scala. Using presentation compiler with project's scala-library version: 3.3.7[0m
Apr 24, 2026 8:42:20 PM org.eclipse.lsp4j.jsonrpc.RemoteEndpoint handleCancellation
WARNING: Unmatched cancel notification for request id 6
2026.04.24 20:42:20 INFO  no build target found for /home/khubayeeb_k/dev/repos/incubator/ds2-projects/src/main/scala/project3/TestRunner.scala. Using presentation compiler with project's scala-library version: 3.3.7[0m
2026.04.24 20:42:21 INFO  no build target found for /home/khubayeeb_k/dev/repos/incubator/ds2-projects/src/main/scala/project3/TestRunner.scala. Using presentation compiler with project's scala-library version: 3.3.7[0m
2026.04.24 20:42:43 INFO  no build target found for /home/khubayeeb_k/dev/repos/incubator/ds2-projects/src/main/scala/project3/TestRunner.scala. Using presentation compiler with project's scala-library version: 3.3.7[0m
2026.04.24 20:42:43 INFO  no build target found for /home/khubayeeb_k/dev/repos/incubator/ds2-projects/src/main/scala/project3/TestRunner.scala. Using presentation compiler with project's scala-library version: 3.3.7[0m
2026.04.24 20:42:46 INFO  no build target found for /home/khubayeeb_k/dev/repos/incubator/ds2-projects/src/main/scala/project3/TestRunner.scala. Using presentation compiler with project's scala-library version: 3.3.7[0m
2026.04.24 20:42:46 INFO  no build target found for /home/khubayeeb_k/dev/repos/incubator/ds2-projects/src/main/scala/project3/TestRunner.scala. Using presentation compiler with project's scala-library version: 3.3.7[0m
2026.04.24 20:42:48 INFO  no build target found for /home/khubayeeb_k/dev/repos/incubator/ds2-projects/src/main/scala/project3/TestRunner.scala. Using presentation compiler with project's scala-library version: 3.3.7[0m
2026.04.24 20:42:49 INFO  no build target found for /home/khubayeeb_k/dev/repos/incubator/ds2-projects/src/main/scala/project3/TestRunner.scala. Using presentation compiler with project's scala-library version: 3.3.7[0m
2026.04.24 20:42:49 INFO  no build target found for /home/khubayeeb_k/dev/repos/incubator/ds2-projects/src/main/scala/project3/TestRunner.scala. Using presentation compiler with project's scala-library version: 3.3.7[0m
2026.04.24 20:42:51 INFO  no build target found for /home/khubayeeb_k/dev/repos/incubator/ds2-projects/src/main/scala/project3/TestRunner.scala. Using presentation compiler with project's scala-library version: 3.3.7[0m
2026.04.24 20:42:51 INFO  no build target found for /home/khubayeeb_k/dev/repos/incubator/ds2-projects/src/main/scala/project3/TestRunner.scala. Using presentation compiler with project's scala-library version: 3.3.7[0m
2026.04.24 20:42:53 INFO  no build target found for /home/khubayeeb_k/dev/repos/incubator/ds2-projects/src/main/scala/project3/TestRunner.scala. Using presentation compiler with project's scala-library version: 3.3.7[0m
2026.04.24 20:42:55 INFO  no build target found for /home/khubayeeb_k/dev/repos/incubator/ds2-projects/src/main/scala/project3/TestRunner.scala. Using presentation compiler with project's scala-library version: 3.3.7[0m
2026.04.24 20:42:55 INFO  no build target found for /home/khubayeeb_k/dev/repos/incubator/ds2-projects/src/main/scala/project3/TestRunner.scala. Using presentation compiler with project's scala-library version: 3.3.7[0m
Apr 24, 2026 8:42:55 PM org.eclipse.lsp4j.jsonrpc.RemoteEndpoint fallbackResponseError
SEVERE: Internal error: java.lang.ArrayIndexOutOfBoundsException: Index 1 out of bounds for length 1
java.util.concurrent.CompletionException: java.lang.ArrayIndexOutOfBoundsException: Index 1 out of bounds for length 1
	at java.base/java.util.concurrent.CompletableFuture.encodeThrowable(CompletableFuture.java:332)
	at java.base/java.util.concurrent.CompletableFuture.completeThrowable(CompletableFuture.java:347)
	at java.base/java.util.concurrent.CompletableFuture$UniAccept.tryFire(CompletableFuture.java:708)
	at java.base/java.util.concurrent.CompletableFuture.postComplete(CompletableFuture.java:510)
	at java.base/java.util.concurrent.CompletableFuture.completeExceptionally(CompletableFuture.java:2194)
	at scala.meta.internal.metals.CancelTokens$.$anonfun$future$1(CancelTokens.scala:40)
	at scala.meta.internal.metals.CancelTokens$.$anonfun$future$1$adapted(CancelTokens.scala:38)
	at scala.concurrent.impl.Promise$Transformation.run(Promise.scala:517)
	at java.base/java.util.concurrent.ThreadPoolExecutor.runWorker(ThreadPoolExecutor.java:1144)
	at java.base/java.util.concurrent.ThreadPoolExecutor$Worker.run(ThreadPoolExecutor.java:642)
	at java.base/java.lang.Thread.run(Thread.java:1583)
Caused by: java.lang.ArrayIndexOutOfBoundsException: Index 1 out of bounds for length 1
	at scala.meta.internal.tokenizers.LegacyScanner.initialize(LegacyScanner.scala:163)
	at scala.meta.internal.tokenizers.ScalametaTokenizer.tokenize(ScalametaTokenizer.scala:21)
	at scala.meta.internal.tokenizers.ScalametaTokenizer$$anon$1.tokenize$1(ScalametaTokenizer.scala:331)
	at scala.meta.internal.tokenizers.ScalametaTokenizer$$anon$1.$anonfun$apply$1(ScalametaTokenizer.scala:333)
	at scala.collection.concurrent.TrieMap.getOrElseUpdate(TrieMap.scala:960)
	at scala.meta.internal.tokenizers.ScalametaTokenizer$$anon$1.apply(ScalametaTokenizer.scala:333)
	at scala.meta.tokenizers.Api$XtensionTokenizeDialectInput.tokenize(Api.scala:22)
	at scala.meta.tokenizers.Api$XtensionTokenizeInputLike.tokenize(Api.scala:13)
	at scala.meta.internal.mtags.ScalametaCommonEnrichments$XtensionStringDocMeta.safeTokenize(ScalametaCommonEnrichments.scala:266)
	at scala.meta.internal.metals.codeactions.MillifyScalaCliDependencyCodeAction.$anonfun$contribute$3(MillifyScalaCliDependencyCodeAction.scala:41)
	at scala.Option.flatMap(Option.scala:283)
	at scala.meta.internal.metals.codeactions.MillifyScalaCliDependencyCodeAction.$anonfun$contribute$2(MillifyScalaCliDependencyCodeAction.scala:37)
	at scala.Option.flatMap(Option.scala:283)
	at scala.meta.internal.metals.codeactions.MillifyScalaCliDependencyCodeAction.$anonfun$contribute$1(MillifyScalaCliDependencyCodeAction.scala:36)
	at scala.concurrent.Future$.$anonfun$apply$1(Future.scala:691)
	at scala.concurrent.impl.Promise$Transformation.run(Promise.scala:500)
	... 3 more

2026.04.24 20:42:55 INFO  no build target found for /home/khubayeeb_k/dev/repos/incubator/ds2-projects/src/main/scala/project3/TestRunner.scala. Using presentation compiler with project's scala-library version: 3.3.7[0m
2026.04.24 20:42:56 INFO  no build target found for /home/khubayeeb_k/dev/repos/incubator/ds2-projects/src/main/scala/project3/TestRunner.scala. Using presentation compiler with project's scala-library version: 3.3.7[0m
2026.04.24 20:42:56 INFO  no build target found for /home/khubayeeb_k/dev/repos/incubator/ds2-projects/src/main/scala/project3/TestRunner.scala. Using presentation compiler with project's scala-library version: 3.3.7[0m
2026.04.24 20:42:56 INFO  no build target found for /home/khubayeeb_k/dev/repos/incubator/ds2-projects/src/main/scala/project3/TestRunner.scala. Using presentation compiler with project's scala-library version: 3.3.7[0m
2026.04.24 20:42:56 INFO  no build target found for /home/khubayeeb_k/dev/repos/incubator/ds2-projects/src/main/scala/project3/TestRunner.scala. Using presentation compiler with project's scala-library version: 3.3.7[0m
2026.04.24 20:42:56 INFO  no build target found for /home/khubayeeb_k/dev/repos/incubator/ds2-projects/src/main/scala/project3/TestRunner.scala. Using presentation compiler with project's scala-library version: 3.3.7[0m
2026.04.24 20:42:56 INFO  no build target found for /home/khubayeeb_k/dev/repos/incubator/ds2-projects/src/main/scala/project3/TestRunner.scala. Using presentation compiler with project's scala-library version: 3.3.7[0m
2026.04.24 20:42:56 INFO  no build target found for /home/khubayeeb_k/dev/repos/incubator/ds2-projects/src/main/scala/project3/TestRunner.scala. Using presentation compiler with project's scala-library version: 3.3.7[0m
2026.04.24 20:42:56 INFO  no build target found for /home/khubayeeb_k/dev/repos/incubator/ds2-projects/src/main/scala/project3/TestRunner.scala. Using presentation compiler with project's scala-library version: 3.3.7[0m
2026.04.24 20:42:58 INFO  no build target found for /home/khubayeeb_k/dev/repos/incubator/ds2-projects/src/main/scala/project3/TestRunner.scala. Using presentation compiler with project's scala-library version: 3.3.7[0m
2026.04.24 20:42:58 WARN  no build target for: /home/khubayeeb_k/dev/repos/incubator/ds2-projects/src/main/scala/project3/TestRunner.scala[0m
2026.04.24 20:42:58 INFO  no build target found for /home/khubayeeb_k/dev/repos/incubator/ds2-projects/src/main/scala/project3/TestRunner.scala. Using presentation compiler with project's scala-library version: 3.3.7[0m
2026.04.24 20:42:58 INFO  no build target found for /home/khubayeeb_k/dev/repos/incubator/ds2-projects/src/main/scala/project3/TestRunner.scala. Using presentation compiler with project's scala-library version: 3.3.7[0m
2026.04.24 20:42:58 INFO  no build target found for /home/khubayeeb_k/dev/repos/incubator/ds2-projects/src/main/scala/project3/TestRunner.scala. Using presentation compiler with project's scala-library version: 3.3.7[0m
2026.04.24 20:43:16 INFO  no build target found for /home/khubayeeb_k/dev/repos/incubator/ds2-projects/src/main/scala/scalation/Timer.scala. Using presentation compiler with project's scala-library version: 3.3.7[0m
2026.04.24 20:43:37 INFO  no build target found for /home/khubayeeb_k/dev/repos/incubator/ds2-projects/src/main/scala/scalation/Timer.scala. Using presentation compiler with project's scala-library version: 3.3.7[0m
2026.04.24 20:43:37 INFO  no build target found for /home/khubayeeb_k/dev/repos/incubator/ds2-projects/src/main/scala/scalation/Timer.scala. Using presentation compiler with project's scala-library version: 3.3.7[0m
2026.04.24 20:43:37 INFO  no build target found for /home/khubayeeb_k/dev/repos/incubator/ds2-projects/src/main/scala/scalation/Timer.scala. Using presentation compiler with project's scala-library version: 3.3.7[0m
Exception in thread "pool-22-thread-1" java.lang.InterruptedException
	at scala.meta.internal.metals.FutureCancelToken.checkCanceled(FutureCancelToken.scala:29)
	at scala.meta.internal.pc.CompilerAccess.onCompilerJobQueue$$anonfun$1(CompilerAccess.scala:208)
	at scala.meta.internal.pc.CompilerJobQueue$Job.run(CompilerJobQueue.scala:153)
	at java.base/java.util.concurrent.ThreadPoolExecutor.runWorker(ThreadPoolExecutor.java:1144)
	at java.base/java.util.concurrent.ThreadPoolExecutor$Worker.run(ThreadPoolExecutor.java:642)
	at java.base/java.lang.Thread.run(Thread.java:1583)
2026.04.24 20:43:37 INFO  no build target found for /home/khubayeeb_k/dev/repos/incubator/ds2-projects/src/main/scala/scalation/Timer.scala. Using presentation compiler with project's scala-library version: 3.3.7[0m
Exception in thread "pool-23-thread-1" java.lang.InterruptedException
	at scala.meta.internal.metals.FutureCancelToken.checkCanceled(FutureCancelToken.scala:29)
	at scala.meta.internal.pc.CompilerAccess.onCompilerJobQueue$$anonfun$1(CompilerAccess.scala:208)
	at scala.meta.internal.pc.CompilerJobQueue$Job.run(CompilerJobQueue.scala:153)
	at java.base/java.util.concurrent.ThreadPoolExecutor.runWorker(ThreadPoolExecutor.java:1144)
	at java.base/java.util.concurrent.ThreadPoolExecutor$Worker.run(ThreadPoolExecutor.java:642)
	at java.base/java.lang.Thread.run(Thread.java:1583)
2026.04.24 20:43:46 INFO  no build target found for /home/khubayeeb_k/dev/repos/incubator/ds2-projects/src/main/scala/scalation/Timer.scala. Using presentation compiler with project's scala-library version: 3.3.7[0m
2026.04.24 20:43:46 INFO  no build target found for /home/khubayeeb_k/dev/repos/incubator/ds2-projects/src/main/scala/scalation/Timer.scala. Using presentation compiler with project's scala-library version: 3.3.7[0m
2026.04.24 20:43:48 INFO  no build target found for /home/khubayeeb_k/dev/repos/incubator/ds2-projects/src/main/scala/scalation/Timer.scala. Using presentation compiler with project's scala-library version: 3.3.7[0m
2026.04.24 20:43:51 INFO  no build target found for /home/khubayeeb_k/dev/repos/incubator/ds2-projects/src/main/scala/scalation/Timer.scala. Using presentation compiler with project's scala-library version: 3.3.7[0m
2026.04.24 20:43:54 INFO  no build target found for /home/khubayeeb_k/dev/repos/incubator/ds2-projects/src/main/scala/scalation/Timer.scala. Using presentation compiler with project's scala-library version: 3.3.7[0m
2026.04.24 20:43:54 INFO  no build target found for /home/khubayeeb_k/dev/repos/incubator/ds2-projects/src/main/scala/scalation/Timer.scala. Using presentation compiler with project's scala-library version: 3.3.7[0m
2026.04.24 20:43:54 INFO  no build target found for /home/khubayeeb_k/dev/repos/incubator/ds2-projects/src/main/scala/scalation/Timer.scala. Using presentation compiler with project's scala-library version: 3.3.7[0m
2026.04.24 20:43:54 INFO  no build target found for /home/khubayeeb_k/dev/repos/incubator/ds2-projects/src/main/scala/scalation/Timer.scala. Using presentation compiler with project's scala-library version: 3.3.7[0m
2026.04.24 20:43:54 INFO  no build target found for /home/khubayeeb_k/dev/repos/incubator/ds2-projects/src/main/scala/scalation/Timer.scala. Using presentation compiler with project's scala-library version: 3.3.7[0m
2026.04.24 20:43:54 INFO  no build target found for /home/khubayeeb_k/dev/repos/incubator/ds2-projects/src/main/scala/scalation/Timer.scala. Using presentation compiler with project's scala-library version: 3.3.7[0m
2026.04.24 20:43:56 INFO  no build target found for /home/khubayeeb_k/dev/repos/incubator/ds2-projects/src/main/scala/scalation/Timer.scala. Using presentation compiler with project's scala-library version: 3.3.7[0m
2026.04.24 20:43:56 INFO  no build target found for /home/khubayeeb_k/dev/repos/incubator/ds2-projects/src/main/scala/scalation/Timer.scala. Using presentation compiler with project's scala-library version: 3.3.7[0m
2026.04.24 20:43:56 INFO  no build target found for /home/khubayeeb_k/dev/repos/incubator/ds2-projects/src/main/scala/scalation/Timer.scala. Using presentation compiler with project's scala-library version: 3.3.7[0m
2026.04.24 20:43:57 INFO  no build target found for /home/khubayeeb_k/dev/repos/incubator/ds2-projects/src/main/scala/scalation/Timer.scala. Using presentation compiler with project's scala-library version: 3.3.7[0m
2026.04.24 20:43:59 INFO  no build target found for /home/khubayeeb_k/dev/repos/incubator/ds2-projects/src/main/scala/scalation/Timer.scala. Using presentation compiler with project's scala-library version: 3.3.7[0m
2026.04.24 20:44:00 INFO  no build target found for /home/khubayeeb_k/dev/repos/incubator/ds2-projects/src/main/scala/scalation/Timer.scala. Using presentation compiler with project's scala-library version: 3.3.7[0m
2026.04.24 20:44:00 INFO  no build target found for /home/khubayeeb_k/dev/repos/incubator/ds2-projects/src/main/scala/scalation/Timer.scala. Using presentation compiler with project's scala-library version: 3.3.7[0m
2026.04.24 20:44:03 INFO  no build target found for /home/khubayeeb_k/dev/repos/incubator/ds2-projects/src/main/scala/scalation/Timer.scala. Using presentation compiler with project's scala-library version: 3.3.7[0m
2026.04.24 20:44:07 INFO  no build target found for /home/khubayeeb_k/dev/repos/incubator/ds2-projects/src/main/scala/scalation/Timer.scala. Using presentation compiler with project's scala-library version: 3.3.7[0m
2026.04.24 20:44:09 INFO  no build target found for /home/khubayeeb_k/dev/repos/incubator/ds2-projects/src/main/scala/scalation/Timer.scala. Using presentation compiler with project's scala-library version: 3.3.7[0m
2026.04.24 20:44:09 INFO  no build target found for /home/khubayeeb_k/dev/repos/incubator/ds2-projects/src/main/scala/scalation/Timer.scala. Using presentation compiler with project's scala-library version: 3.3.7[0m
2026.04.24 20:44:10 INFO  no build target found for /home/khubayeeb_k/dev/repos/incubator/ds2-projects/src/main/scala/scalation/Timer.scala. Using presentation compiler with project's scala-library version: 3.3.7[0m
2026.04.24 20:44:10 INFO  no build target found for /home/khubayeeb_k/dev/repos/incubator/ds2-projects/src/main/scala/scalation/Timer.scala. Using presentation compiler with project's scala-library version: 3.3.7[0m
2026.04.24 20:44:10 INFO  no build target found for /home/khubayeeb_k/dev/repos/incubator/ds2-projects/src/main/scala/scalation/Timer.scala. Using presentation compiler with project's scala-library version: 3.3.7[0m
2026.04.24 20:44:10 INFO  no build target found for /home/khubayeeb_k/dev/repos/incubator/ds2-projects/src/main/scala/scalation/Timer.scala. Using presentation compiler with project's scala-library version: 3.3.7[0m
2026.04.24 20:44:10 INFO  no build target found for /home/khubayeeb_k/dev/repos/incubator/ds2-projects/src/main/scala/scalation/Timer.scala. Using presentation compiler with project's scala-library version: 3.3.7[0m
2026.04.24 20:44:11 INFO  no build target found for /home/khubayeeb_k/dev/repos/incubator/ds2-projects/src/main/scala/scalation/Timer.scala. Using presentation compiler with project's scala-library version: 3.3.7[0m
2026.04.24 20:44:11 INFO  no build target found for /home/khubayeeb_k/dev/repos/incubator/ds2-projects/src/main/scala/scalation/Timer.scala. Using presentation compiler with project's scala-library version: 3.3.7[0m
2026.04.24 20:44:11 INFO  no build target found for /home/khubayeeb_k/dev/repos/incubator/ds2-projects/src/main/scala/scalation/Timer.scala. Using presentation compiler with project's scala-library version: 3.3.7[0m
2026.04.24 20:44:11 INFO  no build target found for /home/khubayeeb_k/dev/repos/incubator/ds2-projects/src/main/scala/scalation/Timer.scala. Using presentation compiler with project's scala-library version: 3.3.7[0m
2026.04.24 20:44:11 INFO  no build target found for /home/khubayeeb_k/dev/repos/incubator/ds2-projects/src/main/scala/scalation/Timer.scala. Using presentation compiler with project's scala-library version: 3.3.7[0m
2026.04.24 20:44:11 INFO  no build target found for /home/khubayeeb_k/dev/repos/incubator/ds2-projects/src/main/scala/scalation/Timer.scala. Using presentation compiler with project's scala-library version: 3.3.7[0m
2026.04.24 20:44:11 INFO  no build target found for /home/khubayeeb_k/dev/repos/incubator/ds2-projects/src/main/scala/scalation/Timer.scala. Using presentation compiler with project's scala-library version: 3.3.7[0m
2026.04.24 20:44:12 INFO  no build target found for /home/khubayeeb_k/dev/repos/incubator/ds2-projects/src/main/scala/scalation/Timer.scala. Using presentation compiler with project's scala-library version: 3.3.7[0m
2026.04.24 20:44:12 INFO  no build target found for /home/khubayeeb_k/dev/repos/incubator/ds2-projects/src/main/scala/scalation/Timer.scala. Using presentation compiler with project's scala-library version: 3.3.7[0m
2026.04.24 20:44:12 INFO  no build target found for /home/khubayeeb_k/dev/repos/incubator/ds2-projects/src/main/scala/scalation/Timer.scala. Using presentation compiler with project's scala-library version: 3.3.7[0m
2026.04.24 20:44:12 INFO  no build target found for /home/khubayeeb_k/dev/repos/incubator/ds2-projects/src/main/scala/scalation/Timer.scala. Using presentation compiler with project's scala-library version: 3.3.7[0m
2026.04.24 20:44:12 INFO  no build target found for /home/khubayeeb_k/dev/repos/incubator/ds2-projects/src/main/scala/scalation/Timer.scala. Using presentation compiler with project's scala-library version: 3.3.7[0m
2026.04.24 20:44:12 INFO  no build target found for /home/khubayeeb_k/dev/repos/incubator/ds2-projects/src/main/scala/scalation/Timer.scala. Using presentation compiler with project's scala-library version: 3.3.7[0m
2026.04.24 20:44:13 INFO  no build target found for /home/khubayeeb_k/dev/repos/incubator/ds2-projects/src/main/scala/scalation/Timer.scala. Using presentation compiler with project's scala-library version: 3.3.7[0m
2026.04.24 20:44:13 INFO  no build target found for /home/khubayeeb_k/dev/repos/incubator/ds2-projects/src/main/scala/scalation/Timer.scala. Using presentation compiler with project's scala-library version: 3.3.7[0m
2026.04.24 20:44:13 INFO  no build target found for /home/khubayeeb_k/dev/repos/incubator/ds2-projects/src/main/scala/scalation/Timer.scala. Using presentation compiler with project's scala-library version: 3.3.7[0m
2026.04.24 20:44:13 INFO  no build target found for /home/khubayeeb_k/dev/repos/incubator/ds2-projects/src/main/scala/scalation/Timer.scala. Using presentation compiler with project's scala-library version: 3.3.7[0m
2026.04.24 20:44:17 INFO  no build target found for /home/khubayeeb_k/dev/repos/incubator/ds2-projects/src/main/scala/scalation/Timer.scala. Using presentation compiler with project's scala-library version: 3.3.7[0m
2026.04.24 20:44:30 INFO  no build target found for /home/khubayeeb_k/dev/repos/incubator/ds2-projects/src/main/scala/scalation/Timer.scala. Using presentation compiler with project's scala-library version: 3.3.7[0m
2026.04.24 20:44:34 INFO  no build target found for /home/khubayeeb_k/dev/repos/incubator/ds2-projects/src/main/scala/scalation/Timer.scala. Using presentation compiler with project's scala-library version: 3.3.7[0m
2026.04.24 20:44:40 INFO  no build target found for /home/khubayeeb_k/dev/repos/incubator/ds2-projects/src/main/scala/scalation/Timer.scala. Using presentation compiler with project's scala-library version: 3.3.7[0m
2026.04.24 20:44:41 INFO  no build target found for /home/khubayeeb_k/dev/repos/incubator/ds2-projects/src/main/scala/scalation/Timer.scala. Using presentation compiler with project's scala-library version: 3.3.7[0m
2026.04.24 20:44:41 INFO  no build target found for /home/khubayeeb_k/dev/repos/incubator/ds2-projects/src/main/scala/scalation/Timer.scala. Using presentation compiler with project's scala-library version: 3.3.7[0m
2026.04.24 20:44:41 INFO  no build target found for /home/khubayeeb_k/dev/repos/incubator/ds2-projects/src/main/scala/scalation/Timer.scala. Using presentation compiler with project's scala-library version: 3.3.7[0m
2026.04.24 20:44:41 INFO  no build target found for /home/khubayeeb_k/dev/repos/incubator/ds2-projects/src/main/scala/scalation/Timer.scala. Using presentation compiler with project's scala-library version: 3.3.7[0m
2026.04.24 20:44:45 INFO  no build target found for /home/khubayeeb_k/dev/repos/incubator/ds2-projects/src/main/scala/scalation/Timer.scala. Using presentation compiler with project's scala-library version: 3.3.7[0m
2026.04.24 20:44:45 INFO  no build target found for /home/khubayeeb_k/dev/repos/incubator/ds2-projects/src/main/scala/scalation/Timer.scala. Using presentation compiler with project's scala-library version: 3.3.7[0m
2026.04.24 20:44:58 INFO  no build target found for /home/khubayeeb_k/dev/repos/incubator/ds2-projects/src/main/scala/scalation/Timer.scala. Using presentation compiler with project's scala-library version: 3.3.7[0m
2026.04.24 20:44:58 INFO  no build target found for /home/khubayeeb_k/dev/repos/incubator/ds2-projects/src/main/scala/scalation/Timer.scala. Using presentation compiler with project's scala-library version: 3.3.7[0m
2026.04.24 20:45:19 INFO  no build target found for /home/khubayeeb_k/dev/repos/incubator/ds2-projects/src/main/scala/scalation/Timer.scala. Using presentation compiler with project's scala-library version: 3.3.7[0m
2026.04.24 20:45:19 INFO  no build target found for /home/khubayeeb_k/dev/repos/incubator/ds2-projects/src/main/scala/scalation/Timer.scala. Using presentation compiler with project's scala-library version: 3.3.7[0m
2026.04.24 20:55:26 INFO  no build target found for /home/khubayeeb_k/dev/repos/incubator/ds2-projects/src/main/scala/scalation/Timer.scala. Using presentation compiler with project's scala-library version: 3.3.7[0m
2026.04.24 20:55:29 INFO  no build target found for /home/khubayeeb_k/dev/repos/incubator/ds2-projects/src/main/scala/scalation/Timer.scala. Using presentation compiler with project's scala-library version: 3.3.7[0m
2026.04.24 20:55:38 INFO  no build target found for /home/khubayeeb_k/dev/repos/incubator/ds2-projects/src/main/scala/scalation/Timer.scala. Using presentation compiler with project's scala-library version: 3.3.7[0m
2026.04.24 20:55:38 INFO  no build target found for /home/khubayeeb_k/dev/repos/incubator/ds2-projects/src/main/scala/project3/TestRunner.scala. Using presentation compiler with project's scala-library version: 3.3.7[0m
2026.04.24 20:55:38 WARN  no build target for: /home/khubayeeb_k/dev/repos/incubator/ds2-projects/src/main/scala/project3/TestRunner.scala[0m
Apr 24, 2026 8:55:38 PM org.eclipse.lsp4j.jsonrpc.RemoteEndpoint handleCancellation
WARNING: Unmatched cancel notification for request id 298
2026.04.24 20:55:38 INFO  no build target found for /home/khubayeeb_k/dev/repos/incubator/ds2-projects/src/main/scala/project3/TestRunner.scala. Using presentation compiler with project's scala-library version: 3.3.7[0m
2026.04.24 21:25:20 INFO  no build target found for /home/khubayeeb_k/dev/repos/incubator/ds2-projects/src/main/scala/project3/TestRunner.scala. Using presentation compiler with project's scala-library version: 3.3.7[0m
2026.04.24 21:25:20 INFO  no build target found for /home/khubayeeb_k/dev/repos/incubator/ds2-projects/src/main/scala/project3/TestRunner.scala. Using presentation compiler with project's scala-library version: 3.3.7[0m
2026.04.24 21:25:21 INFO  no build target found for /home/khubayeeb_k/dev/repos/incubator/ds2-projects/src/main/scala/project3/TestRunner.scala. Using presentation compiler with project's scala-library version: 3.3.7[0m
2026.04.24 21:28:02 INFO  Shutting down server[0m
2026.04.24 21:28:02 INFO  Memory monitor stopped[0m
2026.04.24 21:28:02 INFO  shutting down Metals[0m
2026.04.24 21:28:02 INFO  Exiting server[0m
2026.04.24 21:28:02 ERROR Unexpected error initializing server: 
org.eclipse.lsp4j.jsonrpc.ResponseErrorException: Request window/showMessageRequest failed with message: Canceled
	at org.eclipse.lsp4j.jsonrpc.RemoteEndpoint.handleResponse(RemoteEndpoint.java:214)
	at org.eclipse.lsp4j.jsonrpc.RemoteEndpoint.consume(RemoteEndpoint.java:198)
	at org.eclipse.lsp4j.jsonrpc.json.StreamMessageProducer.handleMessage(StreamMessageProducer.java:189)
	at org.eclipse.lsp4j.jsonrpc.json.StreamMessageProducer.listen(StreamMessageProducer.java:97)
	at org.eclipse.lsp4j.jsonrpc.json.ConcurrentMessageProcessor.run(ConcurrentMessageProcessor.java:97)
	at java.util.concurrent.Executors$RunnableAdapter.call(Executors.java:572)
	at java.util.concurrent.FutureTask.run(FutureTask.java:317)
	at java.util.concurrent.ThreadPoolExecutor.runWorker(ThreadPoolExecutor.java:1144)
	at java.util.concurrent.ThreadPoolExecutor$Worker.run(ThreadPoolExecutor.java:642)
	at java.lang.Thread.run(Thread.java:1583)
[0m
2026.04.24 22:20:00 INFO  Started: Metals version 1.6.7 in folders '/home/khubayeeb_k/dev/repos/incubator/ds2-projects' for client Visual Studio Code 1.111.0.[0m
2026.04.24 22:20:00 INFO  Memory monitor started[0m
2026.04.24 22:20:01 WARN  Using H2 2.4.240 which is newer than the version Flyway has been verified with. The latest verified version of H2 is 2.3.232.[0m
2026.04.24 22:34:55 INFO  no build target found for /home/khubayeeb_k/dev/repos/incubator/ds2-projects/src/main/scala/project3/TestRunner.scala. Using presentation compiler with project's scala-library version: 3.3.7[0m
2026.04.24 22:42:54 INFO  no build target found for /home/khubayeeb_k/dev/repos/incubator/ds2-projects/src/main/scala/project3/TestRunner.scala. Using presentation compiler with project's scala-library version: 3.3.7[0m
2026.04.24 22:42:55 WARN  no build target for: /home/khubayeeb_k/dev/repos/incubator/ds2-projects/src/main/scala/project3/TestRunner.scala[0m
Apr 24, 2026 10:42:55 PM org.eclipse.lsp4j.jsonrpc.RemoteEndpoint handleCancellation
WARNING: Unmatched cancel notification for request id 1
2026.04.24 22:42:55 INFO  no build target found for /home/khubayeeb_k/dev/repos/incubator/ds2-projects/src/main/scala/project3/TestRunner.scala. Using presentation compiler with project's scala-library version: 3.3.7[0m
2026.04.24 22:42:57 INFO  no build target found for /home/khubayeeb_k/dev/repos/incubator/ds2-projects/src/main/scala/scalation/mathstat/VectorD.scala. Using presentation compiler with project's scala-library version: 3.3.7[0m
2026.04.24 22:43:02 INFO  no build target found for /home/khubayeeb_k/dev/repos/incubator/ds2-projects/src/main/scala/scalation/mathstat/CudaMatrixOps.scala. Using presentation compiler with project's scala-library version: 3.3.7[0m
2026.04.24 22:43:02 INFO  no build target found for /home/khubayeeb_k/dev/repos/incubator/ds2-projects/src/main/scala/scalation/mathstat/CudaMatrixOps.scala. Using presentation compiler with project's scala-library version: 3.3.7[0m
Apr 24, 2026 10:43:02 PM org.eclipse.lsp4j.jsonrpc.RemoteEndpoint handleCancellation
WARNING: Unmatched cancel notification for request id 14
2026.04.24 22:43:02 INFO  no build target found for /home/khubayeeb_k/dev/repos/incubator/ds2-projects/src/main/scala/scalation/mathstat/CudaMatrixOps.scala. Using presentation compiler with project's scala-library version: 3.3.7[0m
Apr 24, 2026 10:43:02 PM org.eclipse.lsp4j.jsonrpc.RemoteEndpoint handleCancellation
WARNING: Unmatched cancel notification for request id 15
2026.04.24 22:43:02 INFO  no build target found for /home/khubayeeb_k/dev/repos/incubator/ds2-projects/src/main/scala/scalation/mathstat/CudaMatrixOps.scala. Using presentation compiler with project's scala-library version: 3.3.7[0m
2026.04.24 22:43:02 INFO  no build target found for /home/khubayeeb_k/dev/repos/incubator/ds2-projects/src/main/scala/scalation/mathstat/CudaVectorOps.scala. Using presentation compiler with project's scala-library version: 3.3.7[0m
2026.04.24 22:43:03 INFO  no build target found for /home/khubayeeb_k/dev/repos/incubator/ds2-projects/src/main/scala/scalation/mathstat/CudaVectorOps.scala. Using presentation compiler with project's scala-library version: 3.3.7[0m
2026.04.24 22:43:02 INFO  no build target found for /home/khubayeeb_k/dev/repos/incubator/ds2-projects/src/main/scala/scalation/mathstat/CudaVectorOps.scala. Using presentation compiler with project's scala-library version: 3.3.7[0m
2026.04.24 22:43:02 INFO  no build target found for /home/khubayeeb_k/dev/repos/incubator/ds2-projects/src/main/scala/scalation/mathstat/CudaVectorOps.scala. Using presentation compiler with project's scala-library version: 3.3.7[0m
2026.04.24 22:43:03 INFO  no build target found for /home/khubayeeb_k/dev/repos/incubator/ds2-projects/src/main/scala/scalation/mathstat/CudaVectorOps.scala. Using presentation compiler with project's scala-library version: 3.3.7[0m
2026.04.24 22:43:04 INFO  no build target found for /home/khubayeeb_k/dev/repos/incubator/ds2-projects/src/main/scala/scalation/mathstat/CudaMatrixOps.scala. Using presentation compiler with project's scala-library version: 3.3.7[0m
Apr 24, 2026 10:43:04 PM org.eclipse.lsp4j.jsonrpc.RemoteEndpoint handleCancellation
WARNING: Unmatched cancel notification for request id 32
2026.04.24 22:43:04 INFO  no build target found for /home/khubayeeb_k/dev/repos/incubator/ds2-projects/src/main/scala/scalation/mathstat/CudaMatrixOps.scala. Using presentation compiler with project's scala-library version: 3.3.7[0m
2026.04.24 22:43:04 INFO  no build target found for /home/khubayeeb_k/dev/repos/incubator/ds2-projects/src/main/scala/scalation/mathstat/CudaMatrixOps.scala. Using presentation compiler with project's scala-library version: 3.3.7[0m
2026.04.24 22:43:04 INFO  no build target found for /home/khubayeeb_k/dev/repos/incubator/ds2-projects/src/main/scala/scalation/mathstat/CudaMatrixOps.scala. Using presentation compiler with project's scala-library version: 3.3.7[0m
2026.04.24 22:43:05 INFO  no build target found for /home/khubayeeb_k/dev/repos/incubator/ds2-projects/src/main/scala/scalation/mathstat/CudaMatrixOps.scala. Using presentation compiler with project's scala-library version: 3.3.7[0m
2026.04.24 22:43:06 INFO  no build target found for /home/khubayeeb_k/dev/repos/incubator/ds2-projects/src/main/scala/scalation/mathstat/CudaMatrixOps.scala. Using presentation compiler with project's scala-library version: 3.3.7[0m
2026.04.24 22:43:07 INFO  no build target found for /home/khubayeeb_k/dev/repos/incubator/ds2-projects/src/main/scala/scalation/mathstat/CudaMatrixOps.scala. Using presentation compiler with project's scala-library version: 3.3.7[0m
2026.04.24 22:43:24 INFO  no build target found for /home/khubayeeb_k/dev/repos/incubator/ds2-projects/src/main/scala/project3/TestRunner.scala. Using presentation compiler with project's scala-library version: 3.3.7[0m
2026.04.24 22:43:24 INFO  no build target found for /home/khubayeeb_k/dev/repos/incubator/ds2-projects/src/main/scala/scalation/mathstat/CudaMatrixOps.scala. Using presentation compiler with project's scala-library version: 3.3.7[0m
2026.04.24 22:43:25 INFO  no build target found for /home/khubayeeb_k/dev/repos/incubator/ds2-projects/src/main/scala/scalation/mathstat/VectorD.scala. Using presentation compiler with project's scala-library version: 3.3.7[0m
2026.04.24 22:43:25 INFO  no build target found for /home/khubayeeb_k/dev/repos/incubator/ds2-projects/src/main/scala/scalation/mathstat/CudaMatrixOps.scala. Using presentation compiler with project's scala-library version: 3.3.7[0m
2026.04.24 22:43:33 INFO  no build target found for /home/khubayeeb_k/dev/repos/incubator/ds2-projects/src/main/scala/scalation/mathstat/VectorD.scala. Using presentation compiler with project's scala-library version: 3.3.7[0m
2026.04.24 22:43:54 INFO  no build target found for /home/khubayeeb_k/dev/repos/incubator/ds2-projects/src/main/scala/scalation/mathstat/MatrixD.scala. Using presentation compiler with project's scala-library version: 3.3.7[0m
2026.04.24 22:43:54 INFO  no build target found for /home/khubayeeb_k/dev/repos/incubator/ds2-projects/src/main/scala/scalation/mathstat/MatrixD.scala. Using presentation compiler with project's scala-library version: 3.3.7[0m
2026.04.24 22:43:54 INFO  no build target found for /home/khubayeeb_k/dev/repos/incubator/ds2-projects/src/main/scala/scalation/mathstat/MatrixD.scala. Using presentation compiler with project's scala-library version: 3.3.7[0m
2026.04.24 22:43:56 INFO  no build target found for /home/khubayeeb_k/dev/repos/incubator/ds2-projects/src/main/scala/scalation/mathstat/MatrixD.scala. Using presentation compiler with project's scala-library version: 3.3.7[0m
2026.04.24 22:43:56 INFO  no build target found for /home/khubayeeb_k/dev/repos/incubator/ds2-projects/src/main/scala/scalation/mathstat/MatrixD.scala. Using presentation compiler with project's scala-library version: 3.3.7[0m
2026.04.24 22:43:58 INFO  no build target found for /home/khubayeeb_k/dev/repos/incubator/ds2-projects/src/main/scala/scalation/mathstat/MatrixD.scala. Using presentation compiler with project's scala-library version: 3.3.7[0m
2026.04.24 22:43:58 INFO  no build target found for /home/khubayeeb_k/dev/repos/incubator/ds2-projects/src/main/scala/scalation/mathstat/MatrixD.scala. Using presentation compiler with project's scala-library version: 3.3.7[0m
2026.04.24 22:43:58 INFO  no build target found for /home/khubayeeb_k/dev/repos/incubator/ds2-projects/src/main/scala/scalation/mathstat/MatrixD.scala. Using presentation compiler with project's scala-library version: 3.3.7[0m
Apr 24, 2026 10:43:59 PM org.eclipse.lsp4j.jsonrpc.RemoteEndpoint handleCancellation
WARNING: Unmatched cancel notification for request id 85
2026.04.24 22:43:59 INFO  no build target found for /home/khubayeeb_k/dev/repos/incubator/ds2-projects/src/main/scala/scalation/mathstat/MatrixD.scala. Using presentation compiler with project's scala-library version: 3.3.7[0m
2026.04.24 22:44:01 INFO  no build target found for /home/khubayeeb_k/dev/repos/incubator/ds2-projects/src/main/scala/scalation/mathstat/MatrixD.scala. Using presentation compiler with project's scala-library version: 3.3.7[0m
2026.04.24 22:44:01 INFO  no build target found for /home/khubayeeb_k/dev/repos/incubator/ds2-projects/src/main/scala/scalation/mathstat/MatrixD.scala. Using presentation compiler with project's scala-library version: 3.3.7[0m
2026.04.24 22:44:01 INFO  no build target found for /home/khubayeeb_k/dev/repos/incubator/ds2-projects/src/main/scala/scalation/mathstat/MatrixD.scala. Using presentation compiler with project's scala-library version: 3.3.7[0m
2026.04.24 22:44:02 INFO  no build target found for /home/khubayeeb_k/dev/repos/incubator/ds2-projects/src/main/scala/scalation/mathstat/MatrixD.scala. Using presentation compiler with project's scala-library version: 3.3.7[0m
2026.04.24 22:44:03 WARN  no build target for: /home/khubayeeb_k/dev/repos/incubator/ds2-projects/src/main/scala/scalation/mathstat/MatrixD.scala[0m
2026.04.24 22:44:03 INFO  no build target found for /home/khubayeeb_k/dev/repos/incubator/ds2-projects/src/main/scala/scalation/mathstat/MatrixD.scala. Using presentation compiler with project's scala-library version: 3.3.7[0m
2026.04.24 22:44:03 INFO  no build target found for /home/khubayeeb_k/dev/repos/incubator/ds2-projects/src/main/scala/scalation/mathstat/MatrixD.scala. Using presentation compiler with project's scala-library version: 3.3.7[0m
2026.04.24 22:44:04 INFO  no build target found for /home/khubayeeb_k/dev/repos/incubator/ds2-projects/src/main/scala/scalation/mathstat/MatrixD.scala. Using presentation compiler with project's scala-library version: 3.3.7[0m
2026.04.24 22:44:05 INFO  no build target found for /home/khubayeeb_k/dev/repos/incubator/ds2-projects/src/main/scala/scalation/mathstat/MatrixD.scala. Using presentation compiler with project's scala-library version: 3.3.7[0m
2026.04.24 22:44:05 INFO  no build target found for /home/khubayeeb_k/dev/repos/incubator/ds2-projects/src/main/scala/scalation/mathstat/MatrixD.scala. Using presentation compiler with project's scala-library version: 3.3.7[0m
2026.04.24 22:44:05 INFO  no build target found for /home/khubayeeb_k/dev/repos/incubator/ds2-projects/src/main/scala/scalation/mathstat/MatrixD.scala. Using presentation compiler with project's scala-library version: 3.3.7[0m
2026.04.24 22:44:06 INFO  no build target found for /home/khubayeeb_k/dev/repos/incubator/ds2-projects/src/main/scala/scalation/mathstat/MatrixD.scala. Using presentation compiler with project's scala-library version: 3.3.7[0m
2026.04.24 22:44:06 INFO  no build target found for /home/khubayeeb_k/dev/repos/incubator/ds2-projects/src/main/scala/scalation/mathstat/MatrixD.scala. Using presentation compiler with project's scala-library version: 3.3.7[0m
2026.04.24 22:44:06 INFO  no build target found for /home/khubayeeb_k/dev/repos/incubator/ds2-projects/src/main/scala/scalation/mathstat/MatrixD.scala. Using presentation compiler with project's scala-library version: 3.3.7[0m
Apr 24, 2026 10:44:07 PM org.eclipse.lsp4j.jsonrpc.RemoteEndpoint handleCancellation
WARNING: Unmatched cancel notification for request id 105
2026.04.24 22:44:06 INFO  no build target found for /home/khubayeeb_k/dev/repos/incubator/ds2-projects/src/main/scala/scalation/mathstat/MatrixD.scala. Using presentation compiler with project's scala-library version: 3.3.7[0m
2026.04.24 22:44:06 INFO  no build target found for /home/khubayeeb_k/dev/repos/incubator/ds2-projects/src/main/scala/scalation/mathstat/MatrixD.scala. Using presentation compiler with project's scala-library version: 3.3.7[0m
2026.04.24 22:44:06 INFO  no build target found for /home/khubayeeb_k/dev/repos/incubator/ds2-projects/src/main/scala/scalation/mathstat/MatrixD.scala. Using presentation compiler with project's scala-library version: 3.3.7[0m
2026.04.24 22:44:08 INFO  no build target found for /home/khubayeeb_k/dev/repos/incubator/ds2-projects/src/main/scala/scalation/mathstat/MatrixD.scala. Using presentation compiler with project's scala-library version: 3.3.7[0m
2026.04.24 22:44:08 INFO  no build target found for /home/khubayeeb_k/dev/repos/incubator/ds2-projects/src/main/scala/scalation/mathstat/MatrixD.scala. Using presentation compiler with project's scala-library version: 3.3.7[0m
2026.04.24 22:44:08 WARN  no build target for: /home/khubayeeb_k/dev/repos/incubator/ds2-projects/src/main/scala/scalation/mathstat/MatrixD.scala[0m
2026.04.24 22:44:08 INFO  no build target found for /home/khubayeeb_k/dev/repos/incubator/ds2-projects/src/main/scala/scalation/mathstat/MatrixD.scala. Using presentation compiler with project's scala-library version: 3.3.7[0m
2026.04.24 22:44:08 INFO  no build target found for /home/khubayeeb_k/dev/repos/incubator/ds2-projects/src/main/scala/scalation/mathstat/MatrixD.scala. Using presentation compiler with project's scala-library version: 3.3.7[0m
2026.04.24 22:44:08 INFO  no build target found for /home/khubayeeb_k/dev/repos/incubator/ds2-projects/src/main/scala/scalation/mathstat/MatrixD.scala. Using presentation compiler with project's scala-library version: 3.3.7[0m
2026.04.24 22:44:10 INFO  no build target found for /home/khubayeeb_k/dev/repos/incubator/ds2-projects/src/main/scala/scalation/mathstat/MatrixD.scala. Using presentation compiler with project's scala-library version: 3.3.7[0m
2026.04.24 22:44:10 INFO  no build target found for /home/khubayeeb_k/dev/repos/incubator/ds2-projects/src/main/scala/scalation/mathstat/MatrixD.scala. Using presentation compiler with project's scala-library version: 3.3.7[0m
2026.04.24 22:44:10 INFO  no build target found for /home/khubayeeb_k/dev/repos/incubator/ds2-projects/src/main/scala/scalation/mathstat/MatrixD.scala. Using presentation compiler with project's scala-library version: 3.3.7[0m
2026.04.24 22:44:11 INFO  no build target found for /home/khubayeeb_k/dev/repos/incubator/ds2-projects/src/main/scala/scalation/mathstat/MatrixD.scala. Using presentation compiler with project's scala-library version: 3.3.7[0m
2026.04.24 22:44:11 INFO  no build target found for /home/khubayeeb_k/dev/repos/incubator/ds2-projects/src/main/scala/scalation/mathstat/MatrixD.scala. Using presentation compiler with project's scala-library version: 3.3.7[0m
Apr 24, 2026 10:44:12 PM org.eclipse.lsp4j.jsonrpc.RemoteEndpoint handleCancellation
WARNING: Unmatched cancel notification for request id 124
2026.04.24 22:44:11 INFO  no build target found for /home/khubayeeb_k/dev/repos/incubator/ds2-projects/src/main/scala/scalation/mathstat/MatrixD.scala. Using presentation compiler with project's scala-library version: 3.3.7[0m
2026.04.24 22:44:12 INFO  no build target found for /home/khubayeeb_k/dev/repos/incubator/ds2-projects/src/main/scala/scalation/mathstat/MatrixD.scala. Using presentation compiler with project's scala-library version: 3.3.7[0m
2026.04.24 22:44:11 INFO  no build target found for /home/khubayeeb_k/dev/repos/incubator/ds2-projects/src/main/scala/scalation/mathstat/MatrixD.scala. Using presentation compiler with project's scala-library version: 3.3.7[0m
2026.04.24 22:44:12 INFO  no build target found for /home/khubayeeb_k/dev/repos/incubator/ds2-projects/src/main/scala/scalation/mathstat/MatrixD.scala. Using presentation compiler with project's scala-library version: 3.3.7[0m
2026.04.24 22:44:13 WARN  no build target for: /home/khubayeeb_k/dev/repos/incubator/ds2-projects/src/main/scala/scalation/mathstat/MatrixD.scala[0m
2026.04.24 22:44:13 INFO  no build target found for /home/khubayeeb_k/dev/repos/incubator/ds2-projects/src/main/scala/scalation/mathstat/MatrixD.scala. Using presentation compiler with project's scala-library version: 3.3.7[0m
2026.04.24 22:44:13 INFO  no build target found for /home/khubayeeb_k/dev/repos/incubator/ds2-projects/src/main/scala/scalation/mathstat/MatrixD.scala. Using presentation compiler with project's scala-library version: 3.3.7[0m
2026.04.24 22:44:12 INFO  no build target found for /home/khubayeeb_k/dev/repos/incubator/ds2-projects/src/main/scala/scalation/mathstat/MatrixD.scala. Using presentation compiler with project's scala-library version: 3.3.7[0m
2026.04.24 22:44:14 INFO  no build target found for /home/khubayeeb_k/dev/repos/incubator/ds2-projects/src/main/scala/scalation/mathstat/MatrixD.scala. Using presentation compiler with project's scala-library version: 3.3.7[0m
2026.04.24 22:44:14 INFO  no build target found for /home/khubayeeb_k/dev/repos/incubator/ds2-projects/src/main/scala/scalation/mathstat/MatrixD.scala. Using presentation compiler with project's scala-library version: 3.3.7[0m
2026.04.24 22:44:14 INFO  no build target found for /home/khubayeeb_k/dev/repos/incubator/ds2-projects/src/main/scala/scalation/mathstat/MatrixD.scala. Using presentation compiler with project's scala-library version: 3.3.7[0m
2026.04.24 22:44:14 INFO  no build target found for /home/khubayeeb_k/dev/repos/incubator/ds2-projects/src/main/scala/scalation/mathstat/MatrixD.scala. Using presentation compiler with project's scala-library version: 3.3.7[0m
2026.04.24 22:44:14 INFO  no build target found for /home/khubayeeb_k/dev/repos/incubator/ds2-projects/src/main/scala/scalation/mathstat/MatrixD.scala. Using presentation compiler with project's scala-library version: 3.3.7[0m
2026.04.24 22:44:14 INFO  no build target found for /home/khubayeeb_k/dev/repos/incubator/ds2-projects/src/main/scala/scalation/mathstat/MatrixD.scala. Using presentation compiler with project's scala-library version: 3.3.7[0m
Apr 24, 2026 10:44:15 PM org.eclipse.lsp4j.jsonrpc.RemoteEndpoint handleCancellation
WARNING: Unmatched cancel notification for request id 144
2026.04.24 22:44:15 INFO  no build target found for /home/khubayeeb_k/dev/repos/incubator/ds2-projects/src/main/scala/scalation/mathstat/MatrixD.scala. Using presentation compiler with project's scala-library version: 3.3.7[0m
2026.04.24 22:44:15 INFO  no build target found for /home/khubayeeb_k/dev/repos/incubator/ds2-projects/src/main/scala/scalation/mathstat/MatrixD.scala. Using presentation compiler with project's scala-library version: 3.3.7[0m
2026.04.24 22:44:15 INFO  no build target found for /home/khubayeeb_k/dev/repos/incubator/ds2-projects/src/main/scala/scalation/mathstat/MatrixD.scala. Using presentation compiler with project's scala-library version: 3.3.7[0m
2026.04.24 22:44:15 INFO  no build target found for /home/khubayeeb_k/dev/repos/incubator/ds2-projects/src/main/scala/scalation/mathstat/MatrixD.scala. Using presentation compiler with project's scala-library version: 3.3.7[0m
2026.04.24 22:44:16 INFO  no build target found for /home/khubayeeb_k/dev/repos/incubator/ds2-projects/src/main/scala/scalation/mathstat/MatrixD.scala. Using presentation compiler with project's scala-library version: 3.3.7[0m
2026.04.24 22:44:16 WARN  no build target for: /home/khubayeeb_k/dev/repos/incubator/ds2-projects/src/main/scala/scalation/mathstat/MatrixD.scala[0m
2026.04.24 22:44:16 INFO  no build target found for /home/khubayeeb_k/dev/repos/incubator/ds2-projects/src/main/scala/scalation/mathstat/MatrixD.scala. Using presentation compiler with project's scala-library version: 3.3.7[0m
2026.04.24 22:44:16 INFO  no build target found for /home/khubayeeb_k/dev/repos/incubator/ds2-projects/src/main/scala/scalation/mathstat/MatrixD.scala. Using presentation compiler with project's scala-library version: 3.3.7[0m
2026.04.24 22:44:16 INFO  no build target found for /home/khubayeeb_k/dev/repos/incubator/ds2-projects/src/main/scala/scalation/mathstat/MatrixD.scala. Using presentation compiler with project's scala-library version: 3.3.7[0m
2026.04.24 22:44:18 INFO  no build target found for /home/khubayeeb_k/dev/repos/incubator/ds2-projects/src/main/scala/scalation/mathstat/MatrixD.scala. Using presentation compiler with project's scala-library version: 3.3.7[0m
2026.04.24 22:44:18 INFO  no build target found for /home/khubayeeb_k/dev/repos/incubator/ds2-projects/src/main/scala/scalation/mathstat/MatrixD.scala. Using presentation compiler with project's scala-library version: 3.3.7[0m
2026.04.24 22:44:18 INFO  no build target found for /home/khubayeeb_k/dev/repos/incubator/ds2-projects/src/main/scala/scalation/mathstat/MatrixD.scala. Using presentation compiler with project's scala-library version: 3.3.7[0m
2026.04.24 22:44:18 INFO  no build target found for /home/khubayeeb_k/dev/repos/incubator/ds2-projects/src/main/scala/scalation/mathstat/MatrixD.scala. Using presentation compiler with project's scala-library version: 3.3.7[0m
2026.04.24 22:44:20 INFO  no build target found for /home/khubayeeb_k/dev/repos/incubator/ds2-projects/src/main/scala/scalation/mathstat/MatrixD.scala. Using presentation compiler with project's scala-library version: 3.3.7[0m
2026.04.24 22:44:20 INFO  no build target found for /home/khubayeeb_k/dev/repos/incubator/ds2-projects/src/main/scala/scalation/mathstat/MatrixD.scala. Using presentation compiler with project's scala-library version: 3.3.7[0m
2026.04.24 22:44:20 INFO  no build target found for /home/khubayeeb_k/dev/repos/incubator/ds2-projects/src/main/scala/scalation/mathstat/MatrixD.scala. Using presentation compiler with project's scala-library version: 3.3.7[0m
2026.04.24 22:44:20 INFO  no build target found for /home/khubayeeb_k/dev/repos/incubator/ds2-projects/src/main/scala/scalation/mathstat/MatrixD.scala. Using presentation compiler with project's scala-library version: 3.3.7[0m
2026.04.24 22:44:20 INFO  no build target found for /home/khubayeeb_k/dev/repos/incubator/ds2-projects/src/main/scala/scalation/mathstat/MatrixD.scala. Using presentation compiler with project's scala-library version: 3.3.7[0m
2026.04.24 22:44:20 INFO  no build target found for /home/khubayeeb_k/dev/repos/incubator/ds2-projects/src/main/scala/scalation/mathstat/MatrixD.scala. Using presentation compiler with project's scala-library version: 3.3.7[0m
2026.04.24 22:44:21 INFO  no build target found for /home/khubayeeb_k/dev/repos/incubator/ds2-projects/src/main/scala/scalation/mathstat/MatrixD.scala. Using presentation compiler with project's scala-library version: 3.3.7[0m
2026.04.24 22:44:21 WARN  no build target for: /home/khubayeeb_k/dev/repos/incubator/ds2-projects/src/main/scala/scalation/mathstat/MatrixD.scala[0m
2026.04.24 22:44:21 INFO  no build target found for /home/khubayeeb_k/dev/repos/incubator/ds2-projects/src/main/scala/scalation/mathstat/MatrixD.scala. Using presentation compiler with project's scala-library version: 3.3.7[0m
2026.04.24 22:44:21 INFO  no build target found for /home/khubayeeb_k/dev/repos/incubator/ds2-projects/src/main/scala/scalation/mathstat/MatrixD.scala. Using presentation compiler with project's scala-library version: 3.3.7[0m
2026.04.24 22:44:21 INFO  no build target found for /home/khubayeeb_k/dev/repos/incubator/ds2-projects/src/main/scala/scalation/mathstat/MatrixD.scala. Using presentation compiler with project's scala-library version: 3.3.7[0m
2026.04.24 22:44:25 INFO  no build target found for /home/khubayeeb_k/dev/repos/incubator/ds2-projects/src/main/scala/scalation/mathstat/MatrixD.scala. Using presentation compiler with project's scala-library version: 3.3.7[0m
2026.04.24 22:44:25 INFO  no build target found for /home/khubayeeb_k/dev/repos/incubator/ds2-projects/src/main/scala/scalation/mathstat/MatrixD.scala. Using presentation compiler with project's scala-library version: 3.3.7[0m
2026.04.24 22:44:26 INFO  no build target found for /home/khubayeeb_k/dev/repos/incubator/ds2-projects/src/main/scala/scalation/mathstat/MatrixD.scala. Using presentation compiler with project's scala-library version: 3.3.7[0m
2026.04.24 22:44:26 INFO  no build target found for /home/khubayeeb_k/dev/repos/incubator/ds2-projects/src/main/scala/scalation/mathstat/MatrixD.scala. Using presentation compiler with project's scala-library version: 3.3.7[0m
2026.04.24 22:44:26 INFO  no build target found for /home/khubayeeb_k/dev/repos/incubator/ds2-projects/src/main/scala/scalation/mathstat/MatrixD.scala. Using presentation compiler with project's scala-library version: 3.3.7[0m
2026.04.24 22:44:26 INFO  no build target found for /home/khubayeeb_k/dev/repos/incubator/ds2-projects/src/main/scala/scalation/mathstat/MatrixD.scala. Using presentation compiler with project's scala-library version: 3.3.7[0m
2026.04.24 22:44:27 INFO  no build target found for /home/khubayeeb_k/dev/repos/incubator/ds2-projects/src/main/scala/scalation/mathstat/MatrixD.scala. Using presentation compiler with project's scala-library version: 3.3.7[0m
2026.04.24 22:44:28 WARN  no build target for: /home/khubayeeb_k/dev/repos/incubator/ds2-projects/src/main/scala/scalation/mathstat/MatrixD.scala[0m
2026.04.24 22:44:28 INFO  no build target found for /home/khubayeeb_k/dev/repos/incubator/ds2-projects/src/main/scala/scalation/mathstat/MatrixD.scala. Using presentation compiler with project's scala-library version: 3.3.7[0m
2026.04.24 22:44:28 INFO  no build target found for /home/khubayeeb_k/dev/repos/incubator/ds2-projects/src/main/scala/scalation/mathstat/MatrixD.scala. Using presentation compiler with project's scala-library version: 3.3.7[0m
2026.04.24 22:44:27 INFO  no build target found for /home/khubayeeb_k/dev/repos/incubator/ds2-projects/src/main/scala/scalation/mathstat/MatrixD.scala. Using presentation compiler with project's scala-library version: 3.3.7[0m
2026.04.24 22:44:29 INFO  no build target found for /home/khubayeeb_k/dev/repos/incubator/ds2-projects/src/main/scala/scalation/mathstat/MatrixD.scala. Using presentation compiler with project's scala-library version: 3.3.7[0m
2026.04.24 22:44:29 INFO  no build target found for /home/khubayeeb_k/dev/repos/incubator/ds2-projects/src/main/scala/scalation/mathstat/MatrixD.scala. Using presentation compiler with project's scala-library version: 3.3.7[0m
2026.04.24 22:44:29 INFO  no build target found for /home/khubayeeb_k/dev/repos/incubator/ds2-projects/src/main/scala/scalation/mathstat/MatrixD.scala. Using presentation compiler with project's scala-library version: 3.3.7[0m
2026.04.24 22:44:31 INFO  no build target found for /home/khubayeeb_k/dev/repos/incubator/ds2-projects/src/main/scala/scalation/mathstat/MatrixD.scala. Using presentation compiler with project's scala-library version: 3.3.7[0m
2026.04.24 22:44:31 INFO  no build target found for /home/khubayeeb_k/dev/repos/incubator/ds2-projects/src/main/scala/scalation/mathstat/MatrixD.scala. Using presentation compiler with project's scala-library version: 3.3.7[0m
2026.04.24 22:44:31 INFO  no build target found for /home/khubayeeb_k/dev/repos/incubator/ds2-projects/src/main/scala/scalation/mathstat/MatrixD.scala. Using presentation compiler with project's scala-library version: 3.3.7[0m
2026.04.24 22:44:32 INFO  no build target found for /home/khubayeeb_k/dev/repos/incubator/ds2-projects/src/main/scala/scalation/mathstat/MatrixD.scala. Using presentation compiler with project's scala-library version: 3.3.7[0m
2026.04.24 22:44:32 WARN  no build target for: /home/khubayeeb_k/dev/repos/incubator/ds2-projects/src/main/scala/scalation/mathstat/MatrixD.scala[0m
2026.04.24 22:44:32 INFO  no build target found for /home/khubayeeb_k/dev/repos/incubator/ds2-projects/src/main/scala/scalation/mathstat/MatrixD.scala. Using presentation compiler with project's scala-library version: 3.3.7[0m
2026.04.24 22:44:32 INFO  no build target found for /home/khubayeeb_k/dev/repos/incubator/ds2-projects/src/main/scala/scalation/mathstat/MatrixD.scala. Using presentation compiler with project's scala-library version: 3.3.7[0m
2026.04.24 22:44:32 INFO  no build target found for /home/khubayeeb_k/dev/repos/incubator/ds2-projects/src/main/scala/scalation/mathstat/MatrixD.scala. Using presentation compiler with project's scala-library version: 3.3.7[0m
2026.04.24 22:44:32 INFO  no build target found for /home/khubayeeb_k/dev/repos/incubator/ds2-projects/src/main/scala/scalation/mathstat/MatrixD.scala. Using presentation compiler with project's scala-library version: 3.3.7[0m
2026.04.24 22:44:35 WARN  no build target for: /home/khubayeeb_k/dev/repos/incubator/ds2-projects/src/main/scala/scalation/mathstat/VectorD.scala[0m
2026.04.24 22:44:35 INFO  no build target found for /home/khubayeeb_k/dev/repos/incubator/ds2-projects/src/main/scala/scalation/mathstat/VectorD.scala. Using presentation compiler with project's scala-library version: 3.3.7[0m
2026.04.24 22:44:36 INFO  no build target found for /home/khubayeeb_k/dev/repos/incubator/ds2-projects/src/main/scala/scalation/mathstat/VectorD.scala. Using presentation compiler with project's scala-library version: 3.3.7[0m
2026.04.24 22:44:35 INFO  no build target found for /home/khubayeeb_k/dev/repos/incubator/ds2-projects/src/main/scala/scalation/mathstat/VectorD.scala. Using presentation compiler with project's scala-library version: 3.3.7[0m
2026.04.24 22:44:35 INFO  no build target found for /home/khubayeeb_k/dev/repos/incubator/ds2-projects/src/main/scala/scalation/mathstat/VectorD.scala. Using presentation compiler with project's scala-library version: 3.3.7[0m
2026.04.24 22:44:37 INFO  no build target found for /home/khubayeeb_k/dev/repos/incubator/ds2-projects/src/main/scala/scalation/mathstat/VectorD.scala. Using presentation compiler with project's scala-library version: 3.3.7[0m
2026.04.24 22:44:37 INFO  no build target found for /home/khubayeeb_k/dev/repos/incubator/ds2-projects/src/main/scala/scalation/mathstat/VectorD.scala. Using presentation compiler with project's scala-library version: 3.3.7[0m
2026.04.24 22:44:37 INFO  no build target found for /home/khubayeeb_k/dev/repos/incubator/ds2-projects/src/main/scala/scalation/mathstat/VectorD.scala. Using presentation compiler with project's scala-library version: 3.3.7[0m
2026.04.24 22:44:37 INFO  no build target found for /home/khubayeeb_k/dev/repos/incubator/ds2-projects/src/main/scala/scalation/mathstat/VectorD.scala. Using presentation compiler with project's scala-library version: 3.3.7[0m
2026.04.24 22:44:37 INFO  no build target found for /home/khubayeeb_k/dev/repos/incubator/ds2-projects/src/main/scala/scalation/mathstat/VectorD.scala. Using presentation compiler with project's scala-library version: 3.3.7[0m
2026.04.24 22:44:39 INFO  no build target found for /home/khubayeeb_k/dev/repos/incubator/ds2-projects/src/main/scala/scalation/mathstat/VectorD.scala. Using presentation compiler with project's scala-library version: 3.3.7[0m
2026.04.24 22:44:39 INFO  no build target found for /home/khubayeeb_k/dev/repos/incubator/ds2-projects/src/main/scala/scalation/mathstat/VectorD.scala. Using presentation compiler with project's scala-library version: 3.3.7[0m
2026.04.24 22:44:40 INFO  no build target found for /home/khubayeeb_k/dev/repos/incubator/ds2-projects/src/main/scala/scalation/mathstat/VectorD.scala. Using presentation compiler with project's scala-library version: 3.3.7[0m
2026.04.24 22:44:40 INFO  no build target found for /home/khubayeeb_k/dev/repos/incubator/ds2-projects/src/main/scala/scalation/mathstat/VectorD.scala. Using presentation compiler with project's scala-library version: 3.3.7[0m
2026.04.24 22:44:40 INFO  no build target found for /home/khubayeeb_k/dev/repos/incubator/ds2-projects/src/main/scala/scalation/mathstat/VectorD.scala. Using presentation compiler with project's scala-library version: 3.3.7[0m
2026.04.24 22:44:40 INFO  no build target found for /home/khubayeeb_k/dev/repos/incubator/ds2-projects/src/main/scala/scalation/mathstat/VectorD.scala. Using presentation compiler with project's scala-library version: 3.3.7[0m
2026.04.24 22:44:40 INFO  no build target found for /home/khubayeeb_k/dev/repos/incubator/ds2-projects/src/main/scala/scalation/mathstat/VectorD.scala. Using presentation compiler with project's scala-library version: 3.3.7[0m
Exception in thread "pool-62-thread-1" java.lang.InterruptedException
	at scala.meta.internal.metals.FutureCancelToken.checkCanceled(FutureCancelToken.scala:29)
	at scala.meta.internal.pc.CompilerAccess.onCompilerJobQueue$$anonfun$1(CompilerAccess.scala:208)
	at scala.meta.internal.pc.CompilerJobQueue$Job.run(CompilerJobQueue.scala:153)
	at java.base/java.util.concurrent.ThreadPoolExecutor.runWorker(ThreadPoolExecutor.java:1144)
	at java.base/java.util.concurrent.ThreadPoolExecutor$Worker.run(ThreadPoolExecutor.java:642)
	at java.base/java.lang.Thread.run(Thread.java:1583)
Exception in thread "pool-63-thread-1" java.lang.InterruptedException
	at scala.meta.internal.metals.FutureCancelToken.checkCanceled(FutureCancelToken.scala:29)
	at scala.meta.internal.pc.CompilerAccess.onCompilerJobQueue$$anonfun$1(CompilerAccess.scala:208)
	at scala.meta.internal.pc.CompilerJobQueue$Job.run(CompilerJobQueue.scala:153)
	at java.base/java.util.concurrent.ThreadPoolExecutor.runWorker(ThreadPoolExecutor.java:1144)
	at java.base/java.util.concurrent.ThreadPoolExecutor$Worker.run(ThreadPoolExecutor.java:642)
	at java.base/java.lang.Thread.run(Thread.java:1583)
2026.04.24 22:44:40 INFO  no build target found for /home/khubayeeb_k/dev/repos/incubator/ds2-projects/src/main/scala/scalation/mathstat/VectorD.scala. Using presentation compiler with project's scala-library version: 3.3.7[0m
2026.04.24 22:44:40 INFO  no build target found for /home/khubayeeb_k/dev/repos/incubator/ds2-projects/src/main/scala/scalation/mathstat/VectorD.scala. Using presentation compiler with project's scala-library version: 3.3.7[0m
2026.04.24 22:44:41 INFO  no build target found for /home/khubayeeb_k/dev/repos/incubator/ds2-projects/src/main/scala/scalation/mathstat/VectorD.scala. Using presentation compiler with project's scala-library version: 3.3.7[0m
2026.04.24 22:44:41 INFO  no build target found for /home/khubayeeb_k/dev/repos/incubator/ds2-projects/src/main/scala/scalation/mathstat/VectorD.scala. Using presentation compiler with project's scala-library version: 3.3.7[0m
2026.04.24 22:44:43 INFO  no build target found for /home/khubayeeb_k/dev/repos/incubator/ds2-projects/src/main/scala/scalation/mathstat/VectorD.scala. Using presentation compiler with project's scala-library version: 3.3.7[0m
2026.04.24 22:44:43 INFO  no build target found for /home/khubayeeb_k/dev/repos/incubator/ds2-projects/src/main/scala/scalation/mathstat/VectorD.scala. Using presentation compiler with project's scala-library version: 3.3.7[0m
2026.04.24 22:44:43 INFO  no build target found for /home/khubayeeb_k/dev/repos/incubator/ds2-projects/src/main/scala/scalation/mathstat/VectorD.scala. Using presentation compiler with project's scala-library version: 3.3.7[0m
2026.04.24 22:44:44 INFO  no build target found for /home/khubayeeb_k/dev/repos/incubator/ds2-projects/src/main/scala/scalation/mathstat/VectorD.scala. Using presentation compiler with project's scala-library version: 3.3.7[0m
2026.04.24 22:44:44 INFO  no build target found for /home/khubayeeb_k/dev/repos/incubator/ds2-projects/src/main/scala/scalation/mathstat/VectorD.scala. Using presentation compiler with project's scala-library version: 3.3.7[0m
2026.04.24 22:44:44 INFO  no build target found for /home/khubayeeb_k/dev/repos/incubator/ds2-projects/src/main/scala/scalation/mathstat/VectorD.scala. Using presentation compiler with project's scala-library version: 3.3.7[0m
2026.04.24 22:44:44 INFO  no build target found for /home/khubayeeb_k/dev/repos/incubator/ds2-projects/src/main/scala/scalation/mathstat/VectorD.scala. Using presentation compiler with project's scala-library version: 3.3.7[0m
2026.04.24 22:44:46 INFO  no build target found for /home/khubayeeb_k/dev/repos/incubator/ds2-projects/src/main/scala/scalation/mathstat/VectorD.scala. Using presentation compiler with project's scala-library version: 3.3.7[0m
2026.04.24 22:44:46 INFO  no build target found for /home/khubayeeb_k/dev/repos/incubator/ds2-projects/src/main/scala/scalation/mathstat/VectorD.scala. Using presentation compiler with project's scala-library version: 3.3.7[0m
2026.04.24 22:44:47 INFO  no build target found for /home/khubayeeb_k/dev/repos/incubator/ds2-projects/src/main/scala/scalation/mathstat/VectorD.scala. Using presentation compiler with project's scala-library version: 3.3.7[0m
2026.04.24 22:44:47 INFO  no build target found for /home/khubayeeb_k/dev/repos/incubator/ds2-projects/src/main/scala/scalation/mathstat/VectorD.scala. Using presentation compiler with project's scala-library version: 3.3.7[0m
2026.04.24 22:44:47 INFO  no build target found for /home/khubayeeb_k/dev/repos/incubator/ds2-projects/src/main/scala/scalation/mathstat/VectorD.scala. Using presentation compiler with project's scala-library version: 3.3.7[0m
2026.04.24 22:44:47 INFO  no build target found for /home/khubayeeb_k/dev/repos/incubator/ds2-projects/src/main/scala/scalation/mathstat/VectorD.scala. Using presentation compiler with project's scala-library version: 3.3.7[0m
2026.04.24 22:44:47 INFO  no build target found for /home/khubayeeb_k/dev/repos/incubator/ds2-projects/src/main/scala/scalation/mathstat/VectorD.scala. Using presentation compiler with project's scala-library version: 3.3.7[0m
2026.04.24 22:44:48 INFO  no build target found for /home/khubayeeb_k/dev/repos/incubator/ds2-projects/src/main/scala/scalation/mathstat/VectorD.scala. Using presentation compiler with project's scala-library version: 3.3.7[0m
Apr 24, 2026 10:44:48 PM org.eclipse.lsp4j.jsonrpc.RemoteEndpoint handleCancellation
WARNING: Unmatched cancel notification for request id 271
2026.04.24 22:44:48 INFO  no build target found for /home/khubayeeb_k/dev/repos/incubator/ds2-projects/src/main/scala/scalation/mathstat/VectorD.scala. Using presentation compiler with project's scala-library version: 3.3.7[0m
2026.04.24 22:44:48 INFO  no build target found for /home/khubayeeb_k/dev/repos/incubator/ds2-projects/src/main/scala/scalation/mathstat/VectorD.scala. Using presentation compiler with project's scala-library version: 3.3.7[0m
2026.04.24 22:44:48 INFO  no build target found for /home/khubayeeb_k/dev/repos/incubator/ds2-projects/src/main/scala/scalation/mathstat/VectorD.scala. Using presentation compiler with project's scala-library version: 3.3.7[0m
2026.04.24 22:44:49 WARN  no build target for: /home/khubayeeb_k/dev/repos/incubator/ds2-projects/src/main/scala/scalation/mathstat/VectorD.scala[0m
2026.04.24 22:44:49 INFO  no build target found for /home/khubayeeb_k/dev/repos/incubator/ds2-projects/src/main/scala/scalation/mathstat/VectorD.scala. Using presentation compiler with project's scala-library version: 3.3.7[0m
2026.04.24 22:44:48 INFO  no build target found for /home/khubayeeb_k/dev/repos/incubator/ds2-projects/src/main/scala/scalation/mathstat/VectorD.scala. Using presentation compiler with project's scala-library version: 3.3.7[0m
2026.04.24 22:44:51 INFO  no build target found for /home/khubayeeb_k/dev/repos/incubator/ds2-projects/src/main/scala/scalation/mathstat/VectorD.scala. Using presentation compiler with project's scala-library version: 3.3.7[0m
2026.04.24 22:44:54 INFO  no build target found for /home/khubayeeb_k/dev/repos/incubator/ds2-projects/src/main/scala/scalation/mathstat/VectorD.scala. Using presentation compiler with project's scala-library version: 3.3.7[0m
2026.04.24 22:44:58 INFO  no build target found for /home/khubayeeb_k/dev/repos/incubator/ds2-projects/src/main/scala/scalation/mathstat/VectorD.scala. Using presentation compiler with project's scala-library version: 3.3.7[0m
2026.04.24 22:44:58 WARN  no build target for: /home/khubayeeb_k/dev/repos/incubator/ds2-projects/src/main/scala/scalation/mathstat/MatrixD.scala[0m
2026.04.24 22:44:58 INFO  no build target found for /home/khubayeeb_k/dev/repos/incubator/ds2-projects/src/main/scala/scalation/mathstat/MatrixD.scala. Using presentation compiler with project's scala-library version: 3.3.7[0m
2026.04.24 22:44:58 INFO  no build target found for /home/khubayeeb_k/dev/repos/incubator/ds2-projects/src/main/scala/scalation/mathstat/MatrixD.scala. Using presentation compiler with project's scala-library version: 3.3.7[0m
2026.04.24 22:44:58 INFO  no build target found for /home/khubayeeb_k/dev/repos/incubator/ds2-projects/src/main/scala/scalation/mathstat/MatrixD.scala. Using presentation compiler with project's scala-library version: 3.3.7[0m
2026.04.24 22:44:58 INFO  no build target found for /home/khubayeeb_k/dev/repos/incubator/ds2-projects/src/main/scala/scalation/mathstat/MatrixD.scala. Using presentation compiler with project's scala-library version: 3.3.7[0m
2026.04.24 22:44:58 INFO  no build target found for /home/khubayeeb_k/dev/repos/incubator/ds2-projects/src/main/scala/scalation/mathstat/CudaMatrixOps.scala. Using presentation compiler with project's scala-library version: 3.3.7[0m
2026.04.24 22:44:58 INFO  no build target found for /home/khubayeeb_k/dev/repos/incubator/ds2-projects/src/main/scala/scalation/mathstat/CudaMatrixOps.scala. Using presentation compiler with project's scala-library version: 3.3.7[0m
2026.04.24 22:44:59 WARN  no build target for: /home/khubayeeb_k/dev/repos/incubator/ds2-projects/src/main/scala/scalation/mathstat/CudaMatrixOps.scala[0m
Apr 24, 2026 10:44:59 PM org.eclipse.lsp4j.jsonrpc.RemoteEndpoint handleCancellation
WARNING: Unmatched cancel notification for request id 298
2026.04.24 22:44:58 INFO  no build target found for /home/khubayeeb_k/dev/repos/incubator/ds2-projects/src/main/scala/scalation/mathstat/CudaMatrixOps.scala. Using presentation compiler with project's scala-library version: 3.3.7[0m
2026.04.24 22:44:59 INFO  no build target found for /home/khubayeeb_k/dev/repos/incubator/ds2-projects/src/main/scala/scalation/mathstat/CudaMatrixOps.scala. Using presentation compiler with project's scala-library version: 3.3.7[0m
2026.04.24 22:44:58 INFO  no build target found for /home/khubayeeb_k/dev/repos/incubator/ds2-projects/src/main/scala/scalation/mathstat/CudaMatrixOps.scala. Using presentation compiler with project's scala-library version: 3.3.7[0m
2026.04.24 22:45:00 INFO  no build target found for /home/khubayeeb_k/dev/repos/incubator/ds2-projects/src/main/scala/scalation/mathstat/CudaVectorOps.scala. Using presentation compiler with project's scala-library version: 3.3.7[0m
2026.04.24 22:45:00 INFO  no build target found for /home/khubayeeb_k/dev/repos/incubator/ds2-projects/src/main/scala/scalation/mathstat/CudaMatrixOps.scala. Using presentation compiler with project's scala-library version: 3.3.7[0m
2026.04.24 22:45:00 INFO  no build target found for /home/khubayeeb_k/dev/repos/incubator/ds2-projects/src/main/scala/scalation/mathstat/CudaMatrixOps.scala. Using presentation compiler with project's scala-library version: 3.3.7[0m
2026.04.24 22:46:36 INFO  Shutting down server[0m
2026.04.24 22:46:36 INFO  Memory monitor stopped[0m
2026.04.24 22:46:36 INFO  shutting down Metals[0m
2026.04.24 22:46:36 INFO  Exiting server[0m
2026.04.24 22:46:36 ERROR Unexpected error initializing server: 
org.eclipse.lsp4j.jsonrpc.ResponseErrorException: Request window/showMessageRequest failed with message: Canceled
	at org.eclipse.lsp4j.jsonrpc.RemoteEndpoint.handleResponse(RemoteEndpoint.java:214)
	at org.eclipse.lsp4j.jsonrpc.RemoteEndpoint.consume(RemoteEndpoint.java:198)
	at org.eclipse.lsp4j.jsonrpc.json.StreamMessageProducer.handleMessage(StreamMessageProducer.java:189)
	at org.eclipse.lsp4j.jsonrpc.json.StreamMessageProducer.listen(StreamMessageProducer.java:97)
	at org.eclipse.lsp4j.jsonrpc.json.ConcurrentMessageProcessor.run(ConcurrentMessageProcessor.java:97)
	at java.util.concurrent.Executors$RunnableAdapter.call(Executors.java:572)
	at java.util.concurrent.FutureTask.run(FutureTask.java:317)
	at java.util.concurrent.ThreadPoolExecutor.runWorker(ThreadPoolExecutor.java:1144)
	at java.util.concurrent.ThreadPoolExecutor$Worker.run(ThreadPoolExecutor.java:642)
	at java.lang.Thread.run(Thread.java:1583)
[0m
2026.04.25 12:48:08 INFO  Started: Metals version 1.6.7 in folders '/home/khubayeeb_k/dev/repos/incubator/ds2-projects' for client Visual Studio Code 1.111.0.[0m
2026.04.25 12:48:08 INFO  Memory monitor started[0m
2026.04.25 12:48:10 WARN  Using H2 2.4.240 which is newer than the version Flyway has been verified with. The latest verified version of H2 is 2.3.232.[0m
Apr 25, 2026 12:48:11 PM org.eclipse.lsp4j.jsonrpc.services.GenericEndpoint notify
INFO: Unsupported notification method: $/setTrace
2026.04.25 12:48:11 INFO  no build target found for /home/khubayeeb_k/dev/repos/incubator/ds2-projects/src/main/scala/project3/DeviceConfig.scala. Using presentation compiler with project's scala-library version: 3.3.7[0m
2026.04.25 12:48:12 INFO  no build target found for /home/khubayeeb_k/dev/repos/incubator/ds2-projects/src/main/scala/project3/DeviceConfig.scala. Using presentation compiler with project's scala-library version: 3.3.7[0m
Apr 25, 2026 12:48:12 PM org.eclipse.lsp4j.jsonrpc.RemoteEndpoint handleCancellation
WARNING: Unmatched cancel notification for request id 2
2026.04.25 12:48:12 INFO  no build target found for /home/khubayeeb_k/dev/repos/incubator/ds2-projects/src/main/scala/project3/DeviceConfig.scala. Using presentation compiler with project's scala-library version: 3.3.7[0m
Apr 25, 2026 12:48:12 PM org.eclipse.lsp4j.jsonrpc.RemoteEndpoint handleCancellation
WARNING: Unmatched cancel notification for request id 3
Apr 25, 2026 12:48:12 PM org.eclipse.lsp4j.jsonrpc.RemoteEndpoint handleCancellation
WARNING: Unmatched cancel notification for request id 5
2026.04.25 12:48:12 INFO  no build target found for /home/khubayeeb_k/dev/repos/incubator/ds2-projects/src/main/scala/project3/DeviceConfig.scala. Using presentation compiler with project's scala-library version: 3.3.7[0m
2026.04.25 12:48:12 INFO  no build target found for /home/khubayeeb_k/dev/repos/incubator/ds2-projects/src/main/scala/project3/DeviceConfig.scala. Using presentation compiler with project's scala-library version: 3.3.7[0m
2026.04.25 12:48:12 INFO  no build target found for /home/khubayeeb_k/dev/repos/incubator/ds2-projects/src/main/scala/project3/DeviceConfig.scala. Using presentation compiler with project's scala-library version: 3.3.7[0m
Apr 25, 2026 12:48:12 PM org.eclipse.lsp4j.jsonrpc.RemoteEndpoint handleCancellation
WARNING: Unmatched cancel notification for request id 10
Apr 25, 2026 12:48:12 PM org.eclipse.lsp4j.jsonrpc.RemoteEndpoint handleCancellation
WARNING: Unmatched cancel notification for request id 11
2026.04.25 12:48:12 INFO  no build target found for /home/khubayeeb_k/dev/repos/incubator/ds2-projects/src/main/scala/project3/DeviceConfig.scala. Using presentation compiler with project's scala-library version: 3.3.7[0m
2026.04.25 12:48:12 INFO  no build target found for /home/khubayeeb_k/dev/repos/incubator/ds2-projects/src/main/scala/project3/DeviceConfig.scala. Using presentation compiler with project's scala-library version: 3.3.7[0m
2026.04.25 12:48:12 INFO  no build target found for /home/khubayeeb_k/dev/repos/incubator/ds2-projects/src/main/scala/project3/TestRunner.scala. Using presentation compiler with project's scala-library version: 3.3.7[0m
Apr 25, 2026 12:48:12 PM org.eclipse.lsp4j.jsonrpc.RemoteEndpoint handleCancellation
WARNING: Unmatched cancel notification for request id 16
2026.04.25 12:48:12 INFO  no build target found for /home/khubayeeb_k/dev/repos/incubator/ds2-projects/src/main/scala/project3/TestRunner.scala. Using presentation compiler with project's scala-library version: 3.3.7[0m
2026.04.25 12:48:19 INFO  no build target found for /home/khubayeeb_k/dev/repos/incubator/ds2-projects/src/main/scala/project3/TestRunner.scala. Using presentation compiler with project's scala-library version: 3.3.7[0m
2026.04.25 12:48:19 INFO  no build target found for /home/khubayeeb_k/dev/repos/incubator/ds2-projects/src/main/scala/project3/TestRunner.scala. Using presentation compiler with project's scala-library version: 3.3.7[0m
2026.04.25 12:48:25 INFO  no build target found for /home/khubayeeb_k/dev/repos/incubator/ds2-projects/src/main/scala/project3/TestRunner.scala. Using presentation compiler with project's scala-library version: 3.3.7[0m
2026.04.25 12:48:25 INFO  no build target found for /home/khubayeeb_k/dev/repos/incubator/ds2-projects/src/main/scala/project3/DeviceConfig.scala. Using presentation compiler with project's scala-library version: 3.3.7[0m
2026.04.25 12:48:25 INFO  no build target found for /home/khubayeeb_k/dev/repos/incubator/ds2-projects/src/main/scala/project3/DeviceConfig.scala. Using presentation compiler with project's scala-library version: 3.3.7[0m
2026.04.25 12:48:25 INFO  no build target found for /home/khubayeeb_k/dev/repos/incubator/ds2-projects/src/main/scala/project3/DeviceConfig.scala. Using presentation compiler with project's scala-library version: 3.3.7[0m
2026.04.25 12:48:25 INFO  no build target found for /home/khubayeeb_k/dev/repos/incubator/ds2-projects/src/main/scala/project3/DeviceConfig.scala. Using presentation compiler with project's scala-library version: 3.3.7[0m
2026.04.25 12:48:33 INFO  no build target found for /home/khubayeeb_k/dev/repos/incubator/ds2-projects/src/main/scala/project3/DeviceConfig.scala. Using presentation compiler with project's scala-library version: 3.3.7[0m
2026.04.25 12:49:10 INFO  no build target found for /home/khubayeeb_k/dev/repos/incubator/ds2-projects/src/main/scala/project3/TestRunner.scala. Using presentation compiler with project's scala-library version: 3.3.7[0m
2026.04.25 12:49:10 INFO  no build target found for /home/khubayeeb_k/dev/repos/incubator/ds2-projects/src/main/scala/project3/TestRunner.scala. Using presentation compiler with project's scala-library version: 3.3.7[0m
Apr 25, 2026 12:49:10 PM org.eclipse.lsp4j.jsonrpc.RemoteEndpoint handleCancellation
WARNING: Unmatched cancel notification for request id 60
2026.04.25 12:49:10 INFO  no build target found for /home/khubayeeb_k/dev/repos/incubator/ds2-projects/src/main/scala/project3/TestRunner.scala. Using presentation compiler with project's scala-library version: 3.3.7[0m
2026.04.25 12:49:11 INFO  no build target found for /home/khubayeeb_k/dev/repos/incubator/ds2-projects/src/main/scala/project3/TestRunner.scala. Using presentation compiler with project's scala-library version: 3.3.7[0m
2026.04.25 12:49:11 INFO  no build target found for /home/khubayeeb_k/dev/repos/incubator/ds2-projects/src/main/scala/project3/TestRunner.scala. Using presentation compiler with project's scala-library version: 3.3.7[0m
2026.04.25 12:49:11 INFO  no build target found for /home/khubayeeb_k/dev/repos/incubator/ds2-projects/src/main/scala/project3/TestRunner.scala. Using presentation compiler with project's scala-library version: 3.3.7[0m
2026.04.25 12:49:11 INFO  no build target found for /home/khubayeeb_k/dev/repos/incubator/ds2-projects/src/main/scala/project3/TestRunner.scala. Using presentation compiler with project's scala-library version: 3.3.7[0m
2026.04.25 12:49:11 INFO  no build target found for /home/khubayeeb_k/dev/repos/incubator/ds2-projects/src/main/scala/project3/TestRunner.scala. Using presentation compiler with project's scala-library version: 3.3.7[0m
2026.04.25 12:49:23 INFO  no build target found for /home/khubayeeb_k/dev/repos/incubator/ds2-projects/src/main/scala/project3/TestRunner.scala. Using presentation compiler with project's scala-library version: 3.3.7[0m
2026.04.25 12:50:07 INFO  no build target found for /home/khubayeeb_k/dev/repos/incubator/ds2-projects/src/main/scala/project3/TestRunner.scala. Using presentation compiler with project's scala-library version: 3.3.7[0m
2026.04.25 12:50:07 INFO  no build target found for /home/khubayeeb_k/dev/repos/incubator/ds2-projects/src/main/scala/scalation/mathstat/TornadoVectorOps.scala. Using presentation compiler with project's scala-library version: 3.3.7[0m
2026.04.25 12:50:07 INFO  no build target found for /home/khubayeeb_k/dev/repos/incubator/ds2-projects/src/main/scala/scalation/mathstat/TornadoMatrixOps.scala. Using presentation compiler with project's scala-library version: 3.3.7[0m
2026.04.25 12:50:07 INFO  no build target found for /home/khubayeeb_k/dev/repos/incubator/ds2-projects/src/main/scala/project3/TestRunner.scala. Using presentation compiler with project's scala-library version: 3.3.7[0m
2026.04.25 12:50:07 INFO  no build target found for /home/khubayeeb_k/dev/repos/incubator/ds2-projects/src/main/scala/scalation/mathstat/TornadoMatrixOps.scala. Using presentation compiler with project's scala-library version: 3.3.7[0m
2026.04.25 12:50:07 INFO  no build target found for /home/khubayeeb_k/dev/repos/incubator/ds2-projects/src/main/scala/project3/TestRunner.scala. Using presentation compiler with project's scala-library version: 3.3.7[0m
2026.04.25 12:50:07 WARN  no build target for: /home/khubayeeb_k/dev/repos/incubator/ds2-projects/src/main/scala/project3/TestRunner.scala[0m
2026.04.25 12:50:07 WARN  no build target for: /home/khubayeeb_k/dev/repos/incubator/ds2-projects/src/main/scala/scalation/mathstat/TornadoMatrixOps.scala[0m
2026.04.25 12:50:07 INFO  no build target found for /home/khubayeeb_k/dev/repos/incubator/ds2-projects/src/main/scala/scalation/mathstat/TornadoMatrixOps.scala. Using presentation compiler with project's scala-library version: 3.3.7[0m
2026.04.25 12:50:07 WARN  no build target for: /home/khubayeeb_k/dev/repos/incubator/ds2-projects/src/main/scala/scalation/mathstat/TornadoVectorOps.scala[0m
2026.04.25 12:50:07 INFO  no build target found for /home/khubayeeb_k/dev/repos/incubator/ds2-projects/src/main/scala/scalation/mathstat/TornadoVectorOps.scala. Using presentation compiler with project's scala-library version: 3.3.7[0m
2026.04.25 12:50:07 INFO  no build target found for /home/khubayeeb_k/dev/repos/incubator/ds2-projects/src/main/scala/scalation/mathstat/TornadoVectorOps.scala. Using presentation compiler with project's scala-library version: 3.3.7[0m
2026.04.25 12:50:08 INFO  no build target found for /home/khubayeeb_k/dev/repos/incubator/ds2-projects/src/main/scala/project3/TestRunner.scala. Using presentation compiler with project's scala-library version: 3.3.7[0m
2026.04.25 12:50:07 INFO  no build target found for /home/khubayeeb_k/dev/repos/incubator/ds2-projects/src/main/scala/project3/TestRunner.scala. Using presentation compiler with project's scala-library version: 3.3.7[0m
2026.04.25 12:50:09 INFO  no build target found for /home/khubayeeb_k/dev/repos/incubator/ds2-projects/src/main/scala/project3/TestRunner.scala. Using presentation compiler with project's scala-library version: 3.3.7[0m
2026.04.25 12:50:09 INFO  no build target found for /home/khubayeeb_k/dev/repos/incubator/ds2-projects/src/main/scala/project3/TestRunner.scala. Using presentation compiler with project's scala-library version: 3.3.7[0m
2026.04.25 12:50:09 INFO  no build target found for /home/khubayeeb_k/dev/repos/incubator/ds2-projects/src/main/scala/project3/TestRunner.scala. Using presentation compiler with project's scala-library version: 3.3.7[0m
2026.04.25 12:50:10 INFO  no build target found for /home/khubayeeb_k/dev/repos/incubator/ds2-projects/src/main/scala/project3/TestRunner.scala. Using presentation compiler with project's scala-library version: 3.3.7[0m
2026.04.25 12:50:14 WARN  no build target for: /home/khubayeeb_k/dev/repos/incubator/ds2-projects/src/main/scala/project3/TestRunner.scala[0m
2026.04.25 12:50:14 INFO  no build target found for /home/khubayeeb_k/dev/repos/incubator/ds2-projects/src/main/scala/project3/TestRunner.scala. Using presentation compiler with project's scala-library version: 3.3.7[0m
2026.04.25 12:51:15 INFO  no build target found for /home/khubayeeb_k/dev/repos/incubator/ds2-projects/src/main/scala/project3/TestRunner.scala. Using presentation compiler with project's scala-library version: 3.3.7[0m
2026.04.25 12:51:16 WARN  no build target for: /home/khubayeeb_k/dev/repos/incubator/ds2-projects/build.sbt[0m
2026.04.25 12:51:16 INFO  no build target found for /home/khubayeeb_k/dev/repos/incubator/ds2-projects/build.sbt. Using presentation compiler with project's scala-library version: 3.3.7[0m
2026.04.25 12:51:16 INFO  no build target found for /home/khubayeeb_k/dev/repos/incubator/ds2-projects/src/main/scala/project3/TestRunner.scala. Using presentation compiler with project's scala-library version: 3.3.7[0m
2026.04.25 12:51:29 INFO  no build target found for /home/khubayeeb_k/dev/repos/incubator/ds2-projects/src/main/scala/project3/TestRunner.scala. Using presentation compiler with project's scala-library version: 3.3.7[0m
2026.04.25 12:51:51 INFO  no build target found for /home/khubayeeb_k/dev/repos/incubator/ds2-projects/src/main/scala/scalation/mathstat/CudaMatrixOps.scala. Using presentation compiler with project's scala-library version: 3.3.7[0m
2026.04.25 12:51:51 INFO  no build target found for /home/khubayeeb_k/dev/repos/incubator/ds2-projects/src/main/scala/scalation/mathstat/CudaMatrixOps.scala. Using presentation compiler with project's scala-library version: 3.3.7[0m
2026.04.25 12:51:51 WARN  no build target for: /home/khubayeeb_k/dev/repos/incubator/ds2-projects/src/main/scala/scalation/mathstat/CudaMatrixOps.scala[0m
2026.04.25 12:51:51 INFO  no build target found for /home/khubayeeb_k/dev/repos/incubator/ds2-projects/src/main/scala/scalation/mathstat/CudaMatrixOps.scala. Using presentation compiler with project's scala-library version: 3.3.7[0m
2026.04.25 12:51:51 INFO  no build target found for /home/khubayeeb_k/dev/repos/incubator/ds2-projects/src/main/scala/project3/TestRunner.scala. Using presentation compiler with project's scala-library version: 3.3.7[0m
2026.04.25 12:51:52 WARN  no build target for: /home/khubayeeb_k/dev/repos/incubator/ds2-projects/src/main/scala/project3/TestRunner.scala[0m
Apr 25, 2026 12:51:52 PM org.eclipse.lsp4j.jsonrpc.RemoteEndpoint handleCancellation
WARNING: Unmatched cancel notification for request id 125
2026.04.25 12:51:52 INFO  no build target found for /home/khubayeeb_k/dev/repos/incubator/ds2-projects/src/main/scala/project3/TestRunner.scala. Using presentation compiler with project's scala-library version: 3.3.7[0m
2026.04.25 12:51:51 INFO  no build target found for /home/khubayeeb_k/dev/repos/incubator/ds2-projects/src/main/scala/project3/TestRunner.scala. Using presentation compiler with project's scala-library version: 3.3.7[0m
2026.04.25 12:51:52 INFO  no build target found for /home/khubayeeb_k/dev/repos/incubator/ds2-projects/src/main/scala/project3/TestRunner.scala. Using presentation compiler with project's scala-library version: 3.3.7[0m
2026.04.25 12:51:52 INFO  no build target found for /home/khubayeeb_k/dev/repos/incubator/ds2-projects/src/main/scala/project3/TestRunner.scala. Using presentation compiler with project's scala-library version: 3.3.7[0m
2026.04.25 12:51:57 INFO  no build target found for /home/khubayeeb_k/dev/repos/incubator/ds2-projects/src/main/scala/project3/TestRunner.scala. Using presentation compiler with project's scala-library version: 3.3.7[0m
2026.04.25 12:52:12 INFO  no build target found for /home/khubayeeb_k/dev/repos/incubator/ds2-projects/src/main/scala/project3/TestRunner.scala. Using presentation compiler with project's scala-library version: 3.3.7[0m
2026.04.25 12:52:46 INFO  no build target found for /home/khubayeeb_k/dev/repos/incubator/ds2-projects/src/main/scala/project3/TestRunner.scala. Using presentation compiler with project's scala-library version: 3.3.7[0m
2026.04.25 12:53:59 INFO  no build target found for /home/khubayeeb_k/dev/repos/incubator/ds2-projects/build.sbt. Using presentation compiler with project's scala-library version: 3.3.7[0m
2026.04.25 12:53:59 WARN  no build target for: /home/khubayeeb_k/dev/repos/incubator/ds2-projects/build.sbt[0m
2026.04.25 12:53:59 INFO  no build target found for /home/khubayeeb_k/dev/repos/incubator/ds2-projects/src/main/scala/project3/TestRunner.scala. Using presentation compiler with project's scala-library version: 3.3.7[0m
2026.04.25 12:53:59 INFO  no build target found for /home/khubayeeb_k/dev/repos/incubator/ds2-projects/src/main/scala/project3/TestRunner.scala. Using presentation compiler with project's scala-library version: 3.3.7[0m
2026.04.25 12:53:59 INFO  no build target found for /home/khubayeeb_k/dev/repos/incubator/ds2-projects/src/main/scala/project3/TestRunner.scala. Using presentation compiler with project's scala-library version: 3.3.7[0m
2026.04.25 12:54:07 INFO  no build target found for /home/khubayeeb_k/dev/repos/incubator/ds2-projects/src/main/scala/project3/TestRunner.scala. Using presentation compiler with project's scala-library version: 3.3.7[0m
2026.04.25 12:54:58 INFO  no build target found for /home/khubayeeb_k/dev/repos/incubator/ds2-projects/src/main/scala/project3/TestRunner.scala. Using presentation compiler with project's scala-library version: 3.3.7[0m
2026.04.25 12:58:34 INFO  no build target found for /home/khubayeeb_k/dev/repos/incubator/ds2-projects/src/main/scala/project3/TestRunner.scala. Using presentation compiler with project's scala-library version: 3.3.7[0m
